,theaterId,street1,city,state,0,1
0,1010,1025 Veterans Pkwy,Clarksville,IN,-85.76461,38.327175
1,1024,138 E Interstate 20,Weatherford,TX,-97.783157,32.727791
2,1002,1900 E Rio Salado Pkwy,Tempe,AZ,-111.89966,33.430729
3,1063,1018 24th Ave SW,Minot,ND,-101.30759,48.203568
4,1035,2041 Highway 287 N,Mansfield,TX,-97.150681,32.598038
5,1036,950 County Road 64,Elmira,NY,-76.874817,42.153339
6,1018,1307 E Gladstone St,Glendora,CA,-117.83625,34.11612
7,1015,1721 Osgood Dr,Altoona,PA,-78.382912,40.490524
8,1032,1900 Market Place Blvd,Irving,TX,-96.972069,32.920174
9,1046,6600 Lone Tree Way,Brentwood,CA,-121.72911,37.963871
10,1064,401 S Mt Juliet Rd,Mt Juliet,TN,-86.509552,36.164974
11,1078,16485 N Marketplace Blvd,Nampa,ID,-116.59116,43.611172
12,1093,7949 Towne Center Pkwy,Papillion,NE,-96.025322,41.136444
13,1119,2701 Cherry Ave,Signal Hill,CA,-118.16783,33.807213
14,1153,1201 Barbara Jordan Blvd,Austin,TX,-97.70874,30.306004
15,1252,3720 National Road E,Richmond,IN,-84.8507,39.831001
16,1199,9652 Main Street,Fairfax,VA,-77.277419,38.841902
17,1396,2165 Bronze Star Dr.,Woodland,CA,-121.72698,38.67245
18,1420,649 Turner St,Auburn,ME,-70.231659,44.119579
19,1428,321 Azalea Square Blvd,Summerville,SC,-80.160919,33.037933
20,1434,1283 W Pearce Blvd,Wentzville,MO,-90.87778,38.8105
21,1437,4931 Commonwealth Centre Pkwy,Midlothian,VA,-77.629143,37.419994
22,143,178 Thf Blvd,Chesterfield,MO,-90.600029,38.667542
23,1444,210 Whittakers Trace,Williamsburg,VA,-76.64229,37.25915
24,1462,2641 Beene Blvd,Bossier City,LA,-93.706,32.55937
25,1477,1979 Pavillion Wy,Lexington,KY,-84.417923,38.024441
26,156,5800 Britton Pkwy,Dublin,OH,-83.136299,40.07246
27,167,1550 Lake Woodlands Dr,The Woodlands,TX,-95.458916,30.168343
28,1761,1209 Center Drive,Park City,UT,-111.537546,40.723462
29,1778,1830 Towne Centre Drive,North Aurora,IL,-88.36679,41.79631
30,1892,3401 Raleigh Rd Parkway,Wilson,NC,-77.96541,35.74753
31,1912,3 South Tunnel Road,Asheville,NC,-82.523964,35.58147
32,193,11750 S Strang Line Rd,Olathe,KS,-94.767082,38.914909
33,203,9607 Research Blvd,Austin,TX,-97.74192,30.387857
34,210,5395 S Wadsworth Blvd,Littleton,CO,-105.09167,39.61937
35,1066,7330 191st St,Tinley Park,IL,-87.798416,41.550053
36,1108,1055 Metropolitan Ave,Charlotte,NC,-80.834904,35.213101
37,1121,5101 Frederica St,Owensboro,KY,-87.127319,37.719315
38,1149,105 Shoppers Way,Christiansburg,VA,-80.423721,37.168324
39,1155,10221 Perimeter Pkwy,Charlotte,NC,-80.85369,35.34679
40,1162,100 S Colonial Dr,Alabaster,AL,-86.804466,33.225689
41,1188,655 W Herndon Ave,Clovis,CA,-119.72599,36.84002
42,126,23000 Savi Ranch Pkwy,Yorba Linda,CA,-117.73631,33.874023
43,131,8960 Central Ave,Montclair,CA,-117.69006,34.091671
44,12,4130 W Division St,Saint Cloud,MN,-94.209656,45.55275
45,1382,11491 Parkside Dr,Farragut,TN,-84.16388,35.90045
46,1399,5821 Poplar Ave,Memphis,TN,-89.867362,35.103514
47,135,3260 Buskirk Ave,Pleasant Hill,CA,-122.0574,37.942162
48,1433,33 Orchard Hill Park Dr,Leominster,MA,-71.712425,42.527382
49,1489,700 N Edwards Blvd,Lake Geneva,WI,-88.41808,42.6007
50,1503,11905 S Dixie Hwy,Miami,FL,-80.32548,25.66004
51,157,4601 East Colonial Drive,Orlando,FL,-81.329285,28.553522
52,170,1600 Galleria Blvd,Brentwood,TN,-86.809196,35.971329
53,18,9420 State Road 16,Onalaska,WI,-91.190895,43.875668
54,1906,2 Union Square,New York,NY,-73.9899,40.73445
55,209,9369 Sheridan Blvd,Westminster,CO,-105.05496,39.867207
56,1009,6310 E Pacific Coast Hwy,Long Beach,CA,-118.11414,33.760353
57,1013,9901 Brook Rd,Glen Allen,VA,-77.459908,37.667957
58,1011,740 S Sepulveda Blvd,El Segundo,CA,-118.3960826,33.9051385
59,1023,823 N Creek Dr,Sherman,TX,-96.608055,33.685692
60,1029,3105 E Main St,Mohegan Lake,NY,-73.871277,41.310825
61,1044,6950 Arroyo Crossing Pkwy,Las Vegas,NV,-115.24371,36.064461
62,1055,1235 Town Centre Dr,Eagan,MN,-93.152992,44.83189
63,1095,50400 Waterside Dr,Chesterfield,MI,-82.8302,42.67009
64,1101,329 Tuttle Creek Blvd,Manhattan,KS,-96.559006,39.181942
65,1127,3401 Erie Blvd E,DeWitt,NY,-76.069237,43.045792
66,1132,6390 Bayfield Pkwy,Concord,NC,-80.674644,35.419713
67,113,26531 Bouquet Canyon Rd,Santa Clarita,CA,-118.53696,34.429134
68,1168,1040 S State Road 7,Wellington,FL,-80.20118,26.66385
69,1159,3335 Cobb Pkwy Nw,Acworth,GA,-84.683434,34.034866
70,1177,215 Stafford Park Blvd,Manahawkin,NJ,-74.28497,39.71047
71,1184,6300 Grandview Pkwy,Davenport,FL,-81.64426,28.24956
72,1187,1046 N El Camino Real,Encinitas,CA,-117.26584,33.06663
73,129,1236 Galleria Blvd,Roseville,CA,-121.26063,38.773228
74,133,1901 Arden Way,Sacramento,CA,-121.42125,38.59877
75,1380,3209 Vestal Parkway East,Vestal,NY,-75.9973,42.09728
76,136,1547 Gateway Blvd,Fairfield,CA,-122.05458,38.260357
77,1445,18053 Garland Groh Blvd,Hagerstown,MD,-77.745163,39.660263
78,1464,14 Crossing Way,Augusta,ME,-69.810112,44.315258
79,1674,825 Dulaney Valley Rd,Towson,MD,-76.59934,39.40377
80,1677,4101 West Division Street,St. Cloud,MN,-94.212963,45.553496
81,174,2034 Skibo Rd,Fayetteville,NC,-78.97499,35.054249
82,1774,10243 Indianapolis Blvd,Highland,IN,-87.46818,41.52766
83,1894,2716 East Stone Drive,Kingsport,TN,-82.4897857,36.5516407
84,1908,750 Seventh Ave,New York,NY,-73.983487,40.76078
85,1931,2002 Annapolis Mall,Annapolis,MD,-76.547369,38.991343
86,198,6025 E Broadway Blvd,Tucson,AZ,-110.86398,32.222359
87,1067,100 Hawley Ln,Trumbull,CT,-73.152496,41.233082
88,1157,1977 Millerville Rd,Baton Rouge,LA,-91.019234,30.43948
89,115,25080 Madison Ave,Murrieta,CA,-117.198,33.557571
90,1220,6000 E Lake Sammamish Parkway SE,Issaquah,WA,-122.04142,47.54935
91,130,19929 Rinaldi St,Northridge,CA,-118.56584,34.276062
92,1388,2020 Hammond Square Dr,Hammond,LA,-90.4611995,30.5043583
93,1395,646 N West End Blvd,Quakertown,PA,-75.36817,40.46084
94,1426,6670 Edwardsville Crossing Drive,Edwardsville,IL,-89.95327,38.784763
95,1436,10400 Owings Mills Blvd,Owings Mills,MD,-76.78031,39.42216
96,1478,6416 Carlisle Pike,Mechanicsburg,PA,-77.007545,40.247852
97,1482,18811 Bear Valley Rd,Apple Valley,CA,-117.25175,34.47018
98,1507,4429 Pecanland Mall Dr,Monroe,LA,-92.06699,32.49862
99,164,8682 Park Meadows Center Dr,Lone Tree,CO,-104.8744,39.557278
100,1663,99 Rockingham Park Blvd,Salem,NH,-71.225321,42.767305
101,1773,5299 Eldorado Pkwy,Frisco,TX,-96.83974,33.17477
102,1897,151 Highlands Blvd Dr,Manchester,MO,-90.507,38.594
103,1904,415 Parkway Plaza,El Cajon,CA,-116.967685,32.804749
104,1903,1105 Walnut Street,Cary,NC,-78.762892,35.771285
105,190,5065 Almaden Expy,San Jose,CA,-121.87753,37.25631
106,1928,194 Buckland Hills Drive,Manchester,CT,-72.545579,41.807238
107,1051,7001 Fayetteville Rd,Durham,NC,-78.934631,35.907135
108,1070,5591 Hwy 153,Hixson,TN,-85.250465,35.148224
109,1072,19503 Interstate 45,Spring,TX,-95.431725,30.050264
110,1092,3100 14th St Nw,Washington,DC,-77.034,38.929
111,1112,5311 S Calle Santa Cruz,Tucson,AZ,-110.98976,32.15375
112,1148,2220 Promenade Blvd,Rogers,AR,-94.18157,36.30581
113,1152,1 Galleria Dr,Cheektowaga,NY,-78.763435,42.914886
114,1156,3367 Daniels Rd,Winter Garden,FL,-81.586365,28.520824
115,1160,13238 Northwest Fwy,Houston,TX,-95.50827,29.852411
116,1178,33590 S Dixie Hwy,Florida City,FL,-80.47569,25.45232
117,1190,1760 Grass Valley Highway,Auburn,CA,-121.086269,38.928965
118,1267,430 Town Centre Dr,Johnstown,PA,-78.842452,40.276584
119,134,4820 Dublin Blvd,Dublin,CA,-121.88036,37.70369
120,13,1615 38th St S,Fargo,ND,-96.842743,46.857113
121,1397,19125 W. Lake Houston Pkwy,Humble,TX,-95.16158,29.99776
122,1402,763 W Grasslands Dr,American Fork,UT,-111.81945,40.383049
123,1416,104 W 104th Ave,Denver,CO,-104.9884,39.883564
124,1448,1880 Broadway,New York,NY,-73.982094,40.769882
125,145,701 Hebron Rd,Heath,OH,-82.436119,40.033432
126,1480,1281 Churchmans Rd,Newark,DE,-75.661179,39.691059
127,1520,5102 Avenue U,Brooklyn,NY,-73.9217,40.60988
128,1527,601 SE Wyoming Blvd,Casper,WY,-106.2662132,42.8437702
129,1530,4155 Millenia Blvd,Orlando,FL,-81.4287796,28.490483
130,1535,125 18th Street,Jersey City,NJ,-74.0406545,40.7344915
131,153,865 E Kemper Rd,Springdale,OH,-84.457413,39.285713
132,1545,8725 Memorial Blvd,Port Arthur,TX,-93.99523,29.94613
133,154,650 Eastgate South Dr,Cincinnati,OH,-84.275215,39.098297
134,1665,11401 N.W. 12 Street,Miami,FL,-80.377607,25.786696
135,1771,Upland Square Drive ,Pottstown,PA,-75.677409,40.2525952
136,1777,3262 W Belmont Ave,Chicago,IL,-87.71181,41.94017
137,1780,190 E Stacy Rd,Allen,TX,-96.65549,33.1267
138,1787,2700 S Service Rd,Moore,OK,-97.48714,35.31384
139,1800,1462 Higdon Ferry Rd,Hot Springs,AR,-93.07271,34.46667
140,1889,1168 Hwy 287,Waxahachie,TX,-96.84101,32.42337
141,1957,210 Andover Street,Peabody,MA,-70.944555,42.545261
142,1955,6170 Grand Avenue,Gurnee,IL,-87.956702,42.3839
143,201,125 NW Loop 410,San Antonio,TX,-98.493599,29.521643
144,1020,79220 Hwy 111,La Quinta,CA,-116.28111,33.709164
145,102,1800 Plaza Dr.,West Covina,CA,-117.92427,34.071552
146,1053,7000 Arundel Mills Circle,Hanover,MD,-76.725204,39.155998
147,1069,345 Rockaway Tpke,Lawrence,NY,-73.739922,40.626957
148,1081,3142 SE Military Dr,San Antonio,TX,-98.431946,29.350693
149,1080,715 W Prien Lake Rd,Lake Charles,LA,-93.225464,30.199205
150,1089,21085 Salmon Run Mall Loop W,Watertown,NY,-75.959389,43.97506
151,1113,2901 S Dogwood Rd,El Centro,CA,-115.52876,32.770676
152,1057,8645 Pulaski Hwy,Rosedale,MD,-76.483322,39.33239
153,1141,4210 14th St W,Bradenton,FL,-82.574356,27.463388
154,1137,4250 Route 9,Howell,NJ,-74.227783,40.147621
155,1145,9680 Mission Gorge Rd,Santee,CA,-116.98512,32.83952
156,1164,1015 Village Center Drive,Tarentum,PA,-79.838371,40.54586
157,1166,3200 Shoppers Dr,Mchenry,IL,-88.265358,42.361271
158,1165,1072 Willow Road,Northbrook,IL,-87.80494,42.10671
159,11,300 Northtown Dr Ne,Blaine,MN,-93.261429,45.126179
160,124,72369 Highway 111,Palm Desert,CA,-116.40418,33.726726
161,137,1501 N Victory Pl,Burbank,CA,-118.32756,34.189072
162,1400,2833 W Ridge Rd,Rochester,NY,-77.691307,43.209003
163,1407,208 Fortune Blvd,Milford,MA,-71.503601,42.1623
164,1412,3171 N George Bush Fwy,Garland,TX,-96.613983,32.945286
165,1415,16924 Twin Lakes Ave,Marysville,WA,-122.18894,48.146492
166,1451,5171 US Highway 70 W,Morehead City,NC,-76.808113,34.740192
167,1498,1131 5th Street,Miami Beach,FL,-80.14063,25.77424
168,1515,10136 Two Notch Rd,Columbia,SC,-80.88285,34.1172
169,155,1701 South 40 Drive,Greensboro,NC,-79.888687,36.05294
170,16,4100 University Ave,West Des Moines,IA,-93.760139,41.599323
171,1768,6006 E. Sam Houston Pkwy N,Houston,TX,-95.1640715,29.8145471
172,1784,3400 E Expressway 83,McAllen,TX,-98.25903,26.19618
173,1896,1250 El Camino Real,San Bruno,CA,-122.42018,37.63941
174,1914,2000 Coastal Grand Circle,Myrtle Beach,SC,-78.922405,33.700501
175,1950,4800 South Hulen Street,Fort Worth,TX,-97.399685,32.679303
176,1052,1145 Commons Cir,Plover,WI,-89.515335,44.522335
177,1094,10025 N Michigan Rd,Carmel,IN,-86.230759,39.934792
178,1096,1632 Stringtown Rd,Grove City,OH,-83.043732,39.879684
179,108,12133 Mall Blvd,Victorville,CA,-117.351461,34.471948
180,1104,2055 N Tomahawk Island Drive,Portland,OR,-122.68615,45.61493
181,1120,1987 Sam Rittenberg Blvd,Charleston,SC,-80.027075,32.795545
182,1118,230 Calle Federico Costa Hato Rey,San Juan,PR,-66.07188,18.42684
183,1134,3511 N Salida Ct,Aurora,CO,-104.77771,39.764637
184,1170,2600 Us Hwy 34,Oswego,IL,-88.32581,41.69234
185,1186,1810 Cumming Hwy,Canton,GA,-84.4603709,34.2379951
186,1193,400 Front Street,Collegeville,PA,-75.451571,40.1856597
187,1194,4210 Centerplace Dr,Greeley,CO,-104.7091322,40.4233142
188,1258,2200 S University Dr,Davie,FL,-80.251185,26.094541
189,1266,39 RHL Blvd,Charleston,WV,-81.71148,38.33651
190,1387,187 Creekside Way,New Braunfels,TX,-98.07806,29.72633
191,1401,9055 N 121st East Ave,Owasso,OK,-95.815704,36.325153
192,1423,181 Curtner Ave,San Jose,CA,-121.86525,37.301933
193,1425,2615 Medical Center Pkwy,Murfreesboro,TN,-86.448074,35.861378
194,1443,10985 Ulysses St Ne,Blaine,MN,-93.23568,45.169456
195,1457,3550 S General Bruce Dr,Temple,TX,-97.387077,31.09046
196,1456,1138 S Clearview Pkwy,New Orleans,LA,-90.185684,29.960909
197,1470,1834 Joe Battle Blvd,El Paso,TX,-106.2655,31.755423
198,1469,2510 Gulf Fwy S,League City,TX,-95.093292,29.47323
199,1488,398 Universal Dr N,North Haven,CT,-72.86852,41.35174
200,1534,259 Burgess Rd,Harrisonburg,VA,-78.849162,38.433507
201,162,7400 Brookpark Rd,Cleveland,OH,-81.736519,41.419174
202,1536,3000 East Highland Drive,Jonesboro,AR,-79.830226,40.4071615
203,1679,1178 Burnsville Center,Burnsville,MN,-93.288968,44.743838
204,172,2311 Gallatin Pike N,Madison,TN,-86.68396,36.305931
205,175,3054 E Franklin Blvd,Gastonia,NC,-81.122742,35.260777
206,177,5051 East Ray Rd,Phoenix,AZ,-111.97346,33.318554
207,181,8210 Agora Pkwy,Selma,TX,-98.328705,29.567665
208,1888,2455 Monarch Dr,Laredo,TX,-99.471161,27.6083367
209,1910,6020 East 82nd Street,Indianapolis,IN,-86.061677,39.907886
210,191,2005 Forest Ave,Chico,CA,-121.79893,39.726875
211,1932,7101 Democracy Blvd,Bethesda,MD,-77.148603,39.023301
212,1959,1201 Lake Woodlands Drive,Spring,TX,-95.453792,30.167429
213,1966,601 Donald Lynch Boulevard,Marlborough,MA,-71.615698,42.353245
214,1008,1621 E Monte Vista Ave,Vacaville,CA,-121.96328,38.367649
215,1017,4325 Sunset Dr,San Angelo,TX,-100.50107,31.435648
216,1019,390 Northridge Mall,Salinas,CA,-121.65946,36.715809
217,1026,95 Elm St,Enfield,CT,-72.583824,41.998211
218,1022,609 Potomac Station Dr NE,Leesburg,VA,-77.532104,39.098255
219,1034,3404 W 13th St,Grand Island,NE,-98.382164,40.933624
220,1056,1628 S Signal Butte Rd,Mesa,AZ,-111.60139,33.384254
221,1058,1148 Nw Norman Ave,Gresham,OR,-122.43715,45.505295
222,1077,2200 El Mercado Loop,Sierra Vista,AZ,-110.25728,31.529169
223,1098,2130 Route 70 W,Cherry Hill,NJ,-75.028412,39.935669
224,1125,2675 Geary Blvd,San Francisco,CA,-122.44702,37.782257
225,112,390 N Moorpark Rd,Thousand Oaks,CA,-118.87419,34.182625
226,1143,11855 N Oracle Rd,Oro Valley,AZ,-110.93728,32.42561
227,1167,770 Colemans Crossing Blvd,Marysville,OH,-83.34086,40.23074
228,1172,610 Exterior Street,Bronx,NY,-73.9310055,40.8172327
229,1180,19350 #B Nordhoff Way,Northridge,CA,-118.55508,34.23403
230,118,2300 N Rose Ave,Oxnard,CA,-119.15649,34.224163
231,122,2050 N Rainbow Blvd,Las Vegas,NV,-115.24034,36.196686
232,123,575 E Wetmore Rd,Tucson,AZ,-110.96164,32.287407
233,1383,1389 Wendy Court,Spring Hill,FL,-82.61861,28.47326
234,1403,4413 Birkland Place,Easton,PA,-75.2858,40.65766
235,1391,7090 Market Place Dr,Goleta,CA,-119.875481,34.425956
236,1460,3334 Princess Anne Rd,Virginia Beach,VA,-76.08811,36.77465
237,1486,5025 Jimmy Lee Smith Pkwy,Hiram,GA,-84.74411,33.889713
238,1499,7308 S Olympia Ave,Tulsa,OK,-96.00509,36.05953
239,1502,10760 Nw 17th St,Miami,FL,-80.36966,25.78848
240,1526,6300 E Highway 191,Odessa,TX,-102.314454,31.896518
241,1531,52 E 14th St,New York,NY,-73.9905737,40.7349109
242,159,5200 Campbell Blvd,Nottingham,MD,-76.454475,39.372471
243,160,5454 New Hope Commons Dr,Durham,NC,-79.000542,35.954647
244,165,2755 Germantown Pkwy,Memphis,TN,-89.792839,35.201088
245,1676,6301 NW Loop 410,San Antonio,TX,-98.620834,29.468969
246,1764,871 E Lancaster Ave,Downingtown,PA,-75.68684,40.01808
247,1769,2015 Birch Rd ,Chula Vista,CA,-116.96856,32.62447
248,1936,1 Garden State Plaza,Paramus,NJ,-74.073868,40.915751
249,1954,6121 W Park Blvd,Plano,TX,-96.833368,33.031383
250,1961,5135 W Alabama St,Houston,TX,-95.46322,29.740402
251,211,4100 E Mexico Ave,Denver,CO,-104.93787,39.685158
252,213,8210 S Gessner Dr,Houston,TX,-95.533008,29.68748
253,1014,155 Los Altos Pkwy,Sparks,NV,-119.7412,39.579536
254,1025,17200 Mercantile Blvd,Noblesville,IN,-85.990822,40.038788
255,1016,2407 Highway 93 N,Kalispell,MT,-114.33124,48.239506
256,1049,2703 Hwy 54,Peachtree City,GA,-84.597,33.397484
257,104,5000 W 147th St,Hawthorne,CA,-118.36559,33.897167
258,1061,101 General Stillwell Dr,Marina,CA,-121.81196,36.66708
259,1076,32937 Temecula Parkway 79,Temecula,CA,-117.081023,33.484079
260,1088,162 Santilli Hwy,Everett,MA,-71.06851,42.39917
261,110,3900 Tyler St,Riverside,CA,-117.46361,33.914719
262,1126,14 Allstate Rd,Dorchester,MA,-71.060478,42.327961
263,111,500 Westminster Mall Rd,Westminster,CA,-118.0133,33.750256
264,1124,585 24 1/2 Rd,Grand Junction,CO,-108.59233,39.08596
265,1131,3701 Mckinley Pkwy,Buffalo,NY,-78.812096,42.790466
266,1140,280 School St,Mansfield,MA,-71.22894,42.01262
267,1142,555 W Roosevelt Rd,Chicago,IL,-87.64116,41.86686
268,1171,6707 S Vine St,Centennial,CO,-104.96501,39.59486
269,1192,1070 N Port Washington Rd,Grafton,WI,-87.92074,43.32195
270,1385,45 Plaza PL,Waynesville,NC,-83.01149,35.46517
271,1404,24230 Commercial Dr,Rosenberg,TX,-95.756981,29.542709
272,144,31350 Courthouse Dr,Union City,CA,-122.06322,37.601608
273,1453,7980 Skyland Ridge Pkwy,Raleigh,NC,-78.783262,35.9146929
274,1454,8905 SW Cascade Ave,Beaverton,OR,-122.78477,45.452473
275,1517,5340 West Grand Parkway South,Richmond,TX,-95.7068975,29.6425663
276,1533,11160 Rancho Carmel Drive,San Diego,CA,-117.08441,32.9775
277,1658,250 Granite Street,Braintree,MA,-71.0228,42.2166
278,1900,4325 Glenwood Ave,Raleigh,NC,-78.675951,35.839319
279,1922,122 Hawthorn Center,Vernon Hills,IL,-87.946287,42.243053
280,1946,236 Lehigh Valley Mall,Whitehall,PA,-75.48306,40.630214
281,214,7318 Fm 1960 Rd W,Houston,TX,-95.538124,29.967516
282,1047,2411 S Kensington Dr,Appleton,WI,-88.359596,44.241451
283,1073,6020 Broadway St,Quincy,IL,-91.321,39.93423
284,107,3675 Pacific Coast Hwy,Torrance,CA,-118.3493,33.805847
285,1099,16630 Royalton Road,Strongsville,OH,-81.8160406,41.313093
286,10,1795 County Rd D E,Maplewood,MN,-93.025986,45.036556
287,1130,6810 Charlotte Pike,Nashville,TN,-86.89312,36.134159
288,1147,3600 County Trunk Hwy A,Kohler,WI,-87.764252,43.711769
289,1183,3967 State Route 31,Liverpool,NY,-76.2364,43.18766
290,1191,11840 71st St,Kenosha,WI,-87.95186,42.57202
291,1224,384 S. Wadsworth Blvd,Lakewood,CO,-105.08081,39.71035
292,1198,2375 N Tustin St,Orange,CA,-117.83397,33.82801
293,128,5575 S Virginia St,Reno,NV,-119.78868,39.475178
294,1405,5947 Wesley Grove Blvd,Wesley Chapel,FL,-82.353157,28.240932
295,1409,30178 Haun Rd,Menifee,CA,-117.17145,33.68198
296,141,3900 Sisk Rd Ste B,Modesto,CA,-121.06323,37.694626
297,1422,7041 Sw Nyberg St,Tualatin,OR,-122.74875,45.38643
298,1439,133 S Frontage Rd,Meridian,MS,-88.6685,32.36271
299,1447,304 Market Plz,Southaven,MS,-89.9953,34.965248
300,1455,4401 Transit Rd,Buffalo,NY,-78.6984,42.98654
301,1466,5135 Sunset Blvd,Lexington,SC,-81.198,34.00471
302,147,237 Crossroads Blvd,Cary,NC,-78.73716,35.76342
303,1513,2441 North Maize Rd,Wichita,KS,-97.462541,37.728201
304,1528,276 Retail Commons Parkway,Martinsburg,WV,-77.9638869,39.4562099
305,158,1980 Griffith Rd,Winston Salem,NC,-80.308685,36.063457
306,1660,6000 Glades Road,Boca Raton,FL,-80.134027,26.364756
307,1776,2300 Petrie Lane,Lanham,MD,-76.840031,38.965273
308,1767,9839 Rea Rd,Charlotte,NC,-80.80406,35.03367
309,1785,2431 Cobbs Ford Rd,Prattville,AL,-86.39852,32.45631
310,179,10799 Washington Blvd,Culver City,CA,-118.40641,34.016224
311,1915,2150 Northwoods Blvd,Charleston,SC,-80.041588,32.94358
312,1916,5959 Triangle Town Blvd,Raleigh,NC,-78.571493,35.864931
313,1923,2929 Turner Hill Road,Lithonia,GA,-84.088812,33.698426
314,1926,400 W Route 38,Moorestown,NJ,-74.963355,39.943279
315,1030,5890 N Elizabeth St,Pueblo,CO,-104.61839,38.329201
316,1048,17800 S Halsted St,Homewood,IL,-87.637192,41.56646
317,1031,1740 30th St,Boulder,CO,-105.25302,40.01675
318,1045,2460 E Charleston Rd,Mountain View,CA,-122.09568,37.423073
319,1079,210 Ken Pratt Blvd,Longmont,CO,-105.09621,40.15467
320,1082,2003 N Loop 1604 E,San Antonio,TX,-98.464653,29.611219
321,1091,60 Smithfield Blvd,Plattsburgh,NY,-73.503448,44.700077
322,1154,4180 Us Hwy 1,Monmouth Jct,NJ,-74.57343,40.38204
323,117,12989 Park Plaza Dr,Cerritos,CA,-118.05516,33.86932
324,120,1950 Santa Rosa Ave,Santa Rosa,CA,-122.71011,38.420128
325,138,1490 Fitzgerald Rd,Pinole,CA,-122.30667,37.990162
326,142,63 Ranch Ave,Milpitas,CA,-121.92157,37.428322
327,1473,8012 N 10th St,McAllen,TX,-98.214592,26.277658
328,1475,13141 City Station Dr,Jacksonville,FL,-81.633011,30.481318
329,1476,1455 Stafford Market Pl,Stafford,VA,-77.41209,38.47249
330,1492,214 Hinton Oaks Blvd,Knightdale,NC,-78.51304,35.79744
331,1506,2255 Springfield Ave,Vauxhall,NJ,-74.28622,40.71637
332,1519,175 Grandview Blvd,Madison,MS,-90.13492,32.46571
333,1511,13510 West Paxton St,Pacoima,CA,-118.426925,34.273151
334,152,6001 NW Loop 410,San Antonio,TX,-98.615768,29.471991
335,15,8301 3rd St N,Oakdale,MN,-92.936394,44.950054
336,161,100 Meijer Dr.,Florence,KY,-84.636383,39.014843
337,1659,1500 South Willow Street,Manchester,NH,-71.435981,42.954145
338,1673,2800 N. Main Street,Santa Ana,CA,-117.867444,33.77649
339,166,1541 Carl D Silver Pkwy,Fredericksburg,VA,-77.505241,38.303417
340,178,11066 Pecan Park Blvd,Cedar Park,TX,-97.79863,30.468731
341,1797,20815 Interstate 30 S,Benton,AR,-92.531,34.60594
342,188,59 N Broadway,Chula Vista,CA,-117.09515,32.651306
343,1905,24201 West Valencia Blvd,Valencia,CA,-118.552652,34.414004
344,1929,11160 Veirs Mill Road,Silver Spring,MD,-77.052715,39.03819
345,1927,505 Neshaminy Mall,Bensalem,PA,-74.954257,40.136828
346,195,4100 Kemp Blvd,Wichita Falls,TX,-98.53701,33.868481
347,206,115 N 76th St,Omaha,NE,-96.030488,41.260722
348,207,5001 N Big Hollow Rd,Peoria,IL,-89.64386,40.750259
349,105,12260 Foothill Blvd,Rancho Cucamonga,CA,-117.537857,34.10677
350,1109,10035 W Mcdowell Rd,Avondale,AZ,-112.27374,33.463428
351,1102,3225 Missouri Blvd,Jefferson City,MO,-92.241463,38.580399
352,1115,13107 40th Road c300,Flushing,NY,-73.83701,40.75585
353,1084,5005 E Marketplace Dr,Flagstaff,AZ,-111.57584,35.223331
354,1136,650 N University Dr,Coral Springs,FL,-80.25539,26.23946
355,1169,1561 S Randall Rd,Algonquin,IL,-88.333092,42.156265
356,1197,1801 Hempstead Road,Lancaster,PA,-76.24735,40.04728
357,1413,25525 Highway 290,Cypress,TX,-95.696732,29.965698
358,1419,6421 Sw 3rd St,Oklahoma City,OK,-97.62691,35.46283
359,1432,230 Towne Center Dr,Compton,CA,-118.2193,33.877201
360,1438,600 Elsinger Blvd,Conway,AR,-92.415306,35.08762
361,1461,2 Galleria Mall Dr,Taunton,MA,-71.051697,41.865547
362,1463,8100 Old Carriage Ct,Shakopee,MN,-93.413391,44.779266
363,146,45575 Dulles Eastern Plz,Sterling,VA,-77.424156,39.024071
364,149,1717 York Rd,Timonium,MD,-76.618835,39.426956
365,1510,6000 Sepulveda Blvd.,Culver City,CA,-118.394938,33.985787
366,163,2643 Housley Rd,Annapolis,MD,-76.555206,38.985939
367,168,7830 Plaza Blvd,Mentor,OH,-81.365799,41.658512
368,180,3333 Preston Rd,Frisco,TX,-96.807182,33.108253
369,17,2101 W 41st St Ste 3,Sioux Falls,SD,-96.753349,43.514053
370,182,3209 E Central Texas Expy,Killeen,TX,-97.708664,31.086962
371,1917,205 West Blackstock Rd,Spartanburg,SC,-81.9949,34.939526
372,1919,260 Exton Square Parkway,Exton,PA,-75.62331,40.030088
373,1938,1201 Boston Post Road,Milford,CT,-73.038087,41.236965
374,1951,3811 South Cooper Street,Arlington,TX,-97.129091,32.68012
375,1952,8251 Flying Cloud Drive,Eden Prairie,MN,-93.42924,44.85472
376,1004,5072 Pinnacle Sq,Birmingham,AL,-86.642662,33.605438
377,1003,45235 Worth Ave.,California,MD,-76.512016,38.29697
378,1012,1207 W Century Ave,Bismarck,ND,-100.81213,46.829876
379,101,25422 El Paseo,Mission Viejo,CA,-117.674814,33.590599
380,1037,312 Newnan Crossing Byp E,Newnan,GA,-84.758972,33.393749
381,1050,1600 Center Rd,Avon,OH,-82.017853,41.466305
382,1071,670 Dawsonville Hwy,Gainesville,GA,-83.853539,34.297371
383,1083,12909 Shops Pkwy,Bee Cave,TX,-97.947754,30.310236
384,1110,332-A Robert Smalls Pkwy,Beaufort,SC,-80.742401,32.42247
385,1128,1182 Admiral Callaghan Lane,Vallejo,CA,-122.2129,38.136486
386,1135,10033 Gulf Center Dr,Fort Myers,FL,-81.790421,26.491123
387,1138,105 Topsham Fair Mall Rd,Topsham,ME,-69.98002,43.93842
388,1185,3040 Watson Blvd,Warner Robins,GA,-83.69113,32.61862
389,1189,2288 E Williams Field Rd,Gilbert,AZ,-111.73894,33.30795
390,1381,875 N Michigan Ave,Chicago,IL,-87.623052,41.898798
391,1410,11267 Pikes Peak Dr,Parker,CO,-104.76179,39.511303
392,1411,1620 W Osceola Pkwy,Kissimmee,FL,-81.421944,28.340727
393,1424,3300 Nw 62nd Ave,Margate,FL,-80.20352,26.27135
394,1427,7231 SE 29th St,Midwest City,OK,-97.40155,35.43582
395,1441,1650 2nd St,Beaumont,CA,-116.94949,33.9251
396,1446,3453 Lowery Pkwy,Fultondale,AL,-86.806381,33.606598
397,1449,13093 Gateway Center Dr,Gainesville,VA,-77.604935,38.793159
398,1459,5419 W Loop 1604 N,San Antonio,TX,-98.70968,29.49046
399,1496,Villa Fontana,Carolina,PR,-65.9688829,18.3912915
400,150,888 Harriman Pl,San Bernardino,CA,-117.26669,34.06654
401,1512,1955 SE Delaware Ave,Ankeny,IA,-93.57802,41.71326
402,1532,84 Middlesex Turnpike,Burlington,MA,-71.2160325,42.4790444
403,1667,999 South Washington Street,North Attleboro,MA,-71.3501,41.9443
404,169,8925 Towne And Country Cir,Knoxville,TN,-84.082726,35.917561
405,187,1717 Harrison Street,San Francisco,CA,-122.4116,37.768921
406,183,2909 Los Feliz Blvd,Los Angeles,CA,-118.26443,34.126701
407,1945,2109 Southlake Mall,Merrillville,IN,-87.306108,41.468893
408,1960,12801 W Sunrise Blvd,Sunrise,FL,-80.319071,26.156189
409,212,3150 New Center Point,Colorado Springs,CO,-104.71761,38.878166
410,1027,5944 Quebec St,Fort Worth,TX,-97.429245,32.804398
411,1028,529 5th Ave,New York,NY,-73.980011,40.754333
412,106,39330 10th St W,Palmdale,CA,-118.1447,34.597626
413,1090,60 Ave Rio Hondo,Bayamon,PR,-66.16224,18.42217
414,109,11301 W Pico Blvd,Los Angeles,CA,-118.4389,34.035656
415,1106,2323 1st St S,Willmar,MN,-95.039848,45.100941
416,1087,2865 Concord Rd,York,PA,-76.6757,39.98238
417,1085,16680 Highlands Center Dr,Bristol,VA,-82.11652,36.63588
418,1123,1584 N State Route 50,Bourbonnais,IL,-87.850174,41.172596
419,1133,633 River Hwy,Mooresville,NC,-80.87305,35.59451
420,121,7550 N Blackstone Ave,Fresno,CA,-119.78667,36.849934
421,1386,8401 Fletcher Pkwy,La Mesa,CA,-117.01664,32.77816
422,1406,3349 Fairlane Dr,Allen Park,MI,-83.203514,42.285866
423,1408,2085 Market Place Blvd,Cumming,GA,-84.129593,34.192852
424,1421,6455 N Decatur Blvd,Las Vegas,NV,-115.20852,36.277332
425,1429,10017 Fremont Pike,Perrysburg,OH,-83.5886,41.54204
426,1501,9130 N Skyview Ave,Kansas City,MO,-94.6572,39.25906
427,1539,18700 Veterans Blvd,Port Charlotte,FL,-82.145239,27.013718
428,1542,3780 Veterans Memorial Blvd,Metairie,LA,-90.161,30.002
429,1763,552 N Us Hwy 27,Lady Lake,FL,-81.93613,28.9324
430,1762,19000 Limestone Commercial Dr,Pflugerville,TX,-97.59676,30.46995
431,1790,4873 Town Center Pkwy,Jacksonville,FL,-81.5341,30.2532
432,1895,50 State Route 36,Eatontown,NJ,-74.0503975,40.2908597
433,192,2326 S Bradley Rd,Santa Maria,CA,-120.41866,34.917507
434,1934,470 Lewis Avenue,Meriden,CT,-72.809158,41.551655
435,1953,2063 Town East Mall,Mesquite,TX,-96.626379,32.808603
436,1038,6060 Long Prairie Rd,Flower Mound,TX,-97.080109,33.06926
437,1043,1240 Marvin Rd Ne,Lacey,WA,-122.76134,47.058128
438,1129,10901 Georgia Ave,Wheaton,MD,-77.052582,39.035542
439,114,120 E Imperial Hwy,Fullerton,CA,-117.93148,33.916073
440,1146,7643 Jordan Landing Blvd,West Jordan,UT,-111.98746,40.61105
441,1174,10545 Hwy 49,Gulfport,MS,-89.097679,30.44689
442,119,901 S Coast Dr,Costa Mesa,CA,-117.89194,33.6884
443,127,5101 Clark Ave,Lakewood,CA,-118.13409,33.852024
444,1394,128 Bailey Farm Rd,Monroe,NY,-74.15178,41.3194
445,1417,995 E I-30,Rockwall,TX,-96.452347,32.903969
446,1465,7297 Battle Hill Dr,Mechanicsville,VA,-77.356461,37.607933
447,1481,2440 W Happy Valley Rd,Phoenix,AZ,-112.10809,33.716125
448,148,1515 W State Hwy 114,Grapevine,TX,-97.095222,32.928673
449,1491,18085 Nw Evergreen Pkwy,Hillsboro,OR,-122.8631,45.53969
450,1514,1350 Highway 15 South,Hutchinson,MN,-94.1902982,45.0654909
451,1540,1800 McFarland Blvd. E,Tuscaloosa,AL,-87.5309476,33.1909524
452,1541,7550 Commons Blvd,Victor,NY,-77.44927,43.03403
453,1664,13350 Dallas Parkway,Dallas,TX,-96.821136,32.931615
454,1781,3889 Promenade Parkway,D'Iberville,MS,-88.898948,30.455229
455,1782,1470 Mountain Ave.,Duarte,CA,-117.9863071,34.1361651
456,1793,977 Branson Hills Pkwy,Branson,MO,-93.22401,36.6656
457,1794,110 Marketplace Blvd,Selinsgrove,PA,-76.84151,40.85029
458,1798,150 Satterfield Dr,Triadelphia,WV,-80.56775,40.06912
459,1891,402 E. Fordham Rd,Bronx,NY,-73.89129,40.8613
460,1890,1550 S Koeller St,Oshkosh,WI,-88.57936,44.00427
461,1940,One Sunrise Mall,Massapequa,NY,-73.436827,40.679252
462,1958,2000 Willowbrook Mall,Houston,TX,-95.539662,29.955979
463,1000,340 W Market,Bloomington,MN,-93.24565,44.85466
464,1021,700 Du Bois St,San Rafael,CA,-122.51875,37.966579
465,1039,115 Lycoming Mall Cir,Muncy,PA,-76.831116,41.244911
466,103,17545 Gale Ave,City Of Industry,CA,-117.92119,33.996811
467,1086,601 East Jubal Early Dr,Winchester,VA,-78.16511,39.16421
468,1097,1100 Oxford Exchange Blvd,Oxford,AL,-85.835876,33.604454
469,1107,14125 River Gate Pkwy,Charlotte,NC,-80.989288,35.101517
470,116,21601 Victory Blvd,Canoga Park,CA,-118.59945,34.18998
471,125,3415 E Foothill Blvd,Pasadena,CA,-118.07932,34.150719
472,140,1127 Industrial Rd,San Carlos,CA,-122.24272,37.501781
473,1442,300 Shoppes Stroud,Stroudsburg,PA,-75.235458,40.988781
474,1452,135 N Cattleman Rd,Sarasota,FL,-82.45397,27.38664
475,1458,104 Highway 332 E,Lake Jackson,TX,-95.456131,29.044149
476,1468,44a Albany Tpke,West Simsbury,CT,-72.86943,41.81984
477,1467,660 Sunrise Hwy,Baldwin,NY,-73.612717,40.65556
478,1474,9845 Colerain Ave,Cincinnati,OH,-84.59896,39.25076
479,1494,9581 Sage Meadow Trail,Fort Worth,TX,-97.315818,32.912228
480,14,4050 Hwy 52 N,Rochester,MN,-92.496895,44.064365
481,1509,2339 Claribel Rd,Riverbank,CA,-120.95188,37.71503
482,1516,761 Hwy 71 W,Bastrop,TX,-97.35312,30.11261
483,1538,1202 New Brunswick Ave,Phillipsburg,NJ,-75.1395919,40.6731155
484,1537,2415 Via Campo,Montebello,CA,-118.12156,34.031778
485,1662,100 CambridgeSide Place,Cambridge,MA,-71.076376,42.367101
486,171,7771 Winchester Rd,Memphis,TN,-89.804939,35.047077
487,1760,1200 N. Muldoon Rd,Anchorage,AK,-149.7414524,61.2311804
488,176,5604 SW Loop 820,Fort Worth,TX,-97.409218,32.685406
489,1783,1315 Scheels Drive,Sparks,NV,-119.71764,39.53096
490,1886,369 Gateway Drive,Brooklyn,NY,-73.87256,40.65451
491,184,149 Fletcher Pkwy,El Cajon,CA,-116.96259,32.806068
492,1920,3700 Atlanta Highway,Athens,GA,-83.425456,33.947344
493,1918,2300 N. Salisbury Blvd,Salisbury,MD,-75.569822,38.401924
494,1924,3333 Buford Drive,Buford,GA,-83.984258,34.071252
495,202,2800 N Central Expy,Plano,TX,-96.702805,33.035957
496,208,7357 W Towne Way,Madison,WI,-89.512115,43.058937
497,19,5100 Se 14th St,Des Moines,IA,-93.598244,41.538322
498,20,4650 1st Ave Ne,Cedar Rapids,IA,-91.62281,42.025673
499,215,10777 North Fwy,Houston,TX,-95.414383,29.92598
500,217,13801 E Mississippi Ave,Aurora,CO,-104.82673,39.697807
501,223,55 Hotel Cir NE,Albuquerque,NM,-106.52575,35.081726
502,230,562 W. Fry Rd,Greenwood,IN,-86.118225,39.62878
503,196,1751 N Central Expy,McKinney,TX,-96.639603,33.213333
504,200,3124 Jericho Tpke,East Northport,NY,-73.319092,40.838463
505,226,5916 W Loop 289,Lubbock,TX,-101.93748,33.541672
506,237,8889 Gateway Blvd. West,El Paso,TX,-106.371365,31.770249
507,2371,1790 Biscayne Blvd,Miami,FL,-80.188977,25.794018
508,2387,6601 Nicollet Ave S,Richfield,MN,-93.2775,44.882942
509,249,2727 W Thunderbird Rd,Phoenix,AZ,-112.11788,33.609314
510,2531,4465 Poplar Ave.,Memphis,TN,-89.913349,35.117236
511,2705,2415 Sagamore Parkway South,Lafayette,IN,-86.854373,40.393013
512,2729,27001 US Highway 19 North,Clearwater,FL,-82.730909,28.017171
513,2736,12000 SE 82nd Avenue,Happy Valley,OR,-122.576092,45.436607
514,2752,357 Sun Valley Mall,Concord,CA,-122.061763,37.96721
515,275,11800 Chenal Pkwy,Little Rock,AR,-92.40596,34.749939
516,2766,2801 Memorial Parkway SW,Huntsville,AL,-86.586381,34.706094
517,2774,4801 Outer Loop,Louisville,KY,-85.669589,38.137875
518,2779,3401 Dale Rd.,Modesto,CA,-121.050367,37.686503
519,2804,500 Southpark Center,Strongsville,OH,-81.820213,41.311643
520,2834,4700 Millhaven Road,Monroe,LA,-92.0647405,32.5006399
521,2849,1000 Turtle Creek Drive,Hattiesburg,MS,-89.37425,31.324868
522,2838,2001 South Rd #209,Poughkeepsie,NY,-73.911997,41.61094
523,2851,1 N Galleria Dr,Middletown,NY,-74.364898,41.453376
524,2865,756 Alberta Drive,Amherst,NY,-78.817252,42.988718
525,2906,750 Citadel Dr E,Colorado Springs,CO,-104.758799,38.843587
526,2921,3710 Route 9,Freehold,NJ,-74.297361,40.25454
527,2912,2021 N. Highland Ave,Jackson,TN,-88.827867,35.656586
528,2954,4310 Buffalo Gap Rd,Abilene,TX,-99.761614,32.401052
529,2958,1114 S 17th St,Kokomo,IN,-86.110929,40.475224
530,2992,1321 N Columbia Center Blvd,Kennewick,WA,-119.226291,46.226266
531,340,1310 Tingle Circle East,Mobile,AL,-88.1146581,30.65070996
532,386,3140 Evans St,Greenville,NC,-77.384796,35.574509
533,395,5480 N 9th Ave,Pensacola,FL,-87.208504,30.475636
534,394,5555 Glenway Ave,Cincinnati,OH,-84.607925,39.129051
535,222,4229 E McCain Blvd,North Little Rock,AR,-92.219482,34.791119
536,221,10303 E 71st St,Tulsa,OK,-95.860207,36.062862
537,205,3915 W Airport Fwy,Irving,TX,-97.004326,32.838085
538,216,9670 Katy Freeway,Houston,TX,-95.526543,29.785477
539,229,5820 E 82nd St,Indianapolis,IN,-86.069351,39.905849
540,235,4717 S Padre Island Dr,Corpus Christi,TX,-97.386406,27.71352
541,236,700 S Jackson Rd,McAllen,TX,-98.205727,26.191338
542,239,2480 Highway 6 S,Houston,TX,-95.645424,29.736498
543,248,4195 Phoenix Avenue,Fort Smith,AR,-94.362411,35.359375
544,2538,4314 Milan Road,Sandusky,OH,-82.671862,41.419447
545,263,8251 Gateway Overlook Dr,Elkridge,MD,-76.79041,39.1833
546,2700,763 Iyannough Road,Hyannis,MA,-70.293647,41.667942
547,2725,8021 Citrus Park Town Center,Tampa,FL,-82.576281,28.068586
548,2732,3320 Silas Creek Parkway,Winston Salem,NC,-80.298803,36.073922
549,2764,1720 Old Fort Parkway,Murfreesboro,TN,-86.4185,35.848232
550,276,1201 S Hayes St,Arlington,VA,-77.059387,38.86087
551,2783,132 W Towne Mall,Madison,WI,-89.505855,43.057224
552,2825,4000 Baldwin Rd.,Auburn Hills,MI,-83.30683,42.706747
553,2835,2950 East Texas Street,Bossier City,LA,-93.703178,32.526673
554,2841,1 Crossgates Mall Road,Albany,NY,-73.851203,42.689504
555,2890,350 N Milwaukee St,Boise,ID,-116.278249,43.60622
556,2939,3501 N Granville Ave,Muncie,IN,-85.375443,40.221703
557,2995,2747 SE Military Dr,San Antonio,TX,-98.446466,29.351798
558,302,5425 Touhy Ave.,Skokie,IL,-87.763657,42.011208
559,319,4100a N Harlem Ave,Norridge,IL,-87.807724,41.954472
560,333,5085 Shelbyville Rd,Louisville,KY,-85.623215,38.253174
561,342,449 Arena Hub Plz,Wilkes Barre,PA,-75.845894,41.237659
562,34,12410 St Charles Rock Rd,Bridgeton,MO,-90.430748,38.754215
563,374,2478 Central Park Ave,Yonkers,NY,-73.826805,40.983246
564,373,1601 Westbank Expy,Harvey,LA,-90.068474,29.904261
565,2509,48 Route 23 North,Riverdale,NJ,-74.31183,40.99227
566,250,12645 N 48th St,Phoenix,AZ,-111.97616,33.601425
567,265,14160 Baltimore Ave,Laurel,MD,-76.863037,39.08559
568,2721,259 Towne Center Circle,Sanford,FL,-81.337068,28.807089
569,2741,578 Chicago Ridge Mall,Chicago Ridge,IL,-87.782524,41.719056
570,2753,4600 W. Kellogg Drive,Wichita,KS,-97.397573,37.676109
571,27,4240 W Wisconsin Ave,Appleton,WI,-88.475082,44.274948
572,286,6595 Strip Ave Nw,North Canton,OH,-81.431145,40.875835
573,2883,200 Westgate Dr,Brockton,MA,-71.049596,42.094974
574,2905,101 North Rangeline Road,Joplin,MO,-94.476999,37.090904
575,2941,3849 S Delsea Dr,Vineland,NJ,-75.040394,39.431298
576,2964,3222 NW Federal Hwy,Jensen Beach,FL,-80.271631,27.243642
577,354,20290 Katy Fwy,Katy,TX,-95.728027,29.786583
578,368,1770 Apple Glen Blvd,Fort Wayne,IN,-85.201164,41.067696
579,379,2541 Crossroads Blvd,Waterloo,IA,-92.322624,42.459034
580,381,1501 New Britain Ave,West Hartford,CT,-72.759117,41.72427
581,401,23000 Eureka Rd,Taylor,MI,-83.252899,42.199177
582,231,4625 Lafayette Road,Indianapolis,IN,-86.254257,39.825542
583,2370,1489 SE 17th Street,Fort Lauderdale,FL,-80.129269,26.100483
584,2396,901 Cortez Road W,Bradenton,FL,-82.5735,27.460803
585,241,7905 San Dario Ave,Laredo,TX,-99.5021573,27.5732941
586,244,4627 S Jack Kultgen Pkwy,Waco,TX,-97.152046,31.498034
587,2503,1940 N Perkins Road,Stillwater,OK,-97.05415,36.14249
588,2516,9600 I-35 South,Austin,TX,-97.789657,30.160714
589,2710,1455 NW 107th Avenue,Doral,FL,-80.36763,25.787121
590,2717,800 North Green River Road,Evansville,IN,-87.495694,37.981338
591,2719,5300 S 76 Street,Greendale,WI,-88.008603,42.947838
592,272,1125 Woodruff Rd,Greenville,SC,-82.299583,34.82943
593,2734,451 East Altamonte Drive,Altamonte Springs,FL,-81.375994,28.663939
594,2738,4301 West Wisconsin Ave,Appleton,WI,-88.469505,44.273002
595,2747,1061 Lloyd Center,Portland,OR,-122.654391,45.532547
596,2767,1701 McFarland Blvd. East,Tuscaloosa,AL,-87.525883,33.192535
597,2794,4601 Eastgate Mall,Cincinnati,OH,-84.277526,39.10263
598,2784,6901 Tyrone Square,St. Petersburg,FL,-82.735868,27.792965
599,2786,2727 Fairfield Commons,Beavercreek,OH,-84.057781,39.766853
600,234,6750 West Fwy,Fort Worth,TX,-97.433205,32.736568
601,2540,7600 Kingston Pike,Knoxville,TN,-84.037384,35.92623
602,255,20408 Highway 59 N,Humble,TX,-95.262512,30.011057
603,2795,7900 Shelbyville Rd,Louisville,KY,-85.610049,38.247327
604,2702,1201 12th Street SW,Rochester,MN,-92.480994,44.007071
605,2792,1850 Adams Street,Mankato,MN,-93.955057,44.173232
606,2803,210 Eastview Mall,Victor,NY,-77.443875,43.03046
607,2727,4201 Coldwater Road,Fort Wayne,IN,-85.136425,41.117674
608,2860,5010 Hinkleville Rd.,Paducah,KY,-88.687996,37.07925
609,2896,811 N Central Expressway,Plano,TX,-96.712629,33.013702
610,273,13058 Fairlakes Shopping Ctr,Fairfax,VA,-77.395248,38.857254
611,2776,1151 Galleria Blvd.,Roseville,CA,-121.270046,38.773216
612,2798,1960 Hwy 70,Hickory,NC,-81.304711,35.706337
613,2815,18 South County Center Way,St. Louis,MO,-90.3284854,38.5042596
614,289,3820 S Maryland Pkwy,Las Vegas,NV,-115.13538,36.119545
615,2904,12801 W Sunrise Blvd,Sunrise,FL,-80.323966,26.144876
616,2903,442 Briarwood Circle,Ann Arbor,MI,-83.746383,42.241132
617,291,5133 Richmond Ave,Houston,TX,-95.462402,29.73044
618,2822,541 East Shaw Avenue,Fresno,CA,-119.778056,36.80848
619,2833,5000 Shelbyville Rd,Louisville,KY,-85.623345,38.250156
620,2861,310 Daniel Webster Hwy,Nashua,NH,-71.438431,42.702512
621,2871,2200 Eastridge Loop,San Jose,CA,-121.811686,37.324125
622,2884,6001 W Waco Dr. #21,Waco,TX,-97.18742,31.51389
623,2946,757 Lewis & Clark Pkwy East,Clarksville,IN,-85.766159,38.314503
624,2949,3000 East Highland Dr,Jonesboro,AR,-90.666908,35.823346
625,2897,1155 Saint Louis Galleria,St Louis,MO,-90.347596,38.634891
626,2976,1001 Barnes Crossing Rd,Tupelo,MS,-88.702029,34.316112
627,2968,322 Jacksonville Mall,Jacksonville,NC,-77.430241,34.754052
628,2894,1349 Cumberland Mall,Atlanta,GA,-84.4714,33.879564
629,297,1861 Fountain Dr,Reston,VA,-77.356522,38.961487
630,2993,11110 Mall Circle,Waldorf,MD,-76.925585,38.617447
631,2898,2401 S Stemmons Fwy,Lewisville,TX,-96.971172,33.002023
632,290,6722 Ritchie Hwy,Glen Burnie,MD,-76.6119,39.193081
633,301,1432 Butterfield Rd,Downers Grove,IL,-88.017883,41.835686
634,2909,3615 Nicholasville Rd,Lexington,KY,-84.526169,37.986019
635,2923,400 Ernest W Barrett Pkwy NW,Kennesaw,GA,-84.563595,34.019443
636,29,2710 S Green Bay Rd,Racine,WI,-87.854462,42.701656
637,313,2301 Howard St,Evanston,IL,-87.708527,42.020679
638,325,6502 Grape Rd,Mishawaka,IN,-86.18383,41.71912
639,2913,2760 N. Germantown Parkway,Memphis,TN,-89.792061,35.201221
640,2940,2855 Stevens Creek Blvd,Santa Clara,CA,-121.94599,37.32336
641,2957,5555 Youngstown Warren Rd,Niles,OH,-80.750567,41.210753
642,2984,9015 Queens Blvd,Elmhurst,NY,-73.870366,40.734584
643,378,309 S College Rd,Wilmington,NC,-77.871399,34.236935
644,2989,180 Route 35,Eatontown,NJ,-74.051408,40.288659
645,388,15 Us Highway 9,Manalapan,NJ,-74.298492,40.290363
646,400,2130 State Route 35,Holmdel,NJ,-74.143654,40.410389
647,339,1645 River Valley Cir N,Lancaster,OH,-82.62899,39.734566
648,343,27 Faunce Corner Rd,North Dartmouth,MA,-70.987167,41.643394
649,365,4676 Presidential Pkwy,Macon,GA,-83.71122,32.817726
650,355,15223 E Indiana Ave,Spokane,WA,-117.20337,47.67564
651,346,3117 Turkey Creek Blvd,Joplin,MO,-94.474815,37.094124
652,375,3533 Zafarano Dr,Santa Fe,NM,-106.00905,35.640133
653,384,40 Catherwood Road,Ithaca,NY,-76.492142,42.481991
654,2382,5819 NW Loop 410,San Antonio,TX,-98.60723,29.482002
655,232,9977 E Washington St,Indianapolis,IN,-85.992188,39.773041
656,197,310 Goddard Blvd,King of Prussia,PA,-75.393959,40.092281
657,251,8290 W Bell Rd,Glendale,AZ,-112.23198,33.639755
658,2525,5065 Main Street,Trumbull,CT,-73.224767,41.231089
659,2713,9469 West Atlantic Boulevard,Coral Springs,FL,-80.249783,26.239338
660,2731,410 Four Seasons Town Centre,Greensboro,NC,-79.840378,36.03972
661,274,131 Mall Woods Dr,Dayton,OH,-84.228798,39.640995
662,2751,1150 El Camino Real,San Bruno,CA,-122.416605,37.637506
663,2755,841 Southcenter Mall,Tukwila,WA,-122.261313,47.459824
664,2843,50 Holyoke Street,Holyoke,MA,-72.640241,42.17108
665,2858,1365 N Dupont Hwy,Dover,DE,-75.539764,39.193749
666,2885,14400 Bear Valley Rd,Victorville,CA,-117.349087,34.47041
667,2887,2825 S Glenstone Ave,Springfield,MO,-93.262771,37.16297
668,2915,6700 Douglas Blvd,Douglasville,GA,-84.746493,33.730042
669,293,1200 Rockville Pike,Rockville,MD,-77.129662,39.069294
670,2936,275 Millcreek Mall,Erie,PA,-80.0991,42.07206
671,2938,9301 Tampa Avenue,Northridge,CA,-118.55356,34.239248
672,2945,200 Dartmouth Mall,Dartmouth,MA,-70.991288,41.640301
673,2951,3450 Wrightsboro Rd.,Augusta,GA,-82.080706,33.46587
674,2972,7700 E Kellogg Dr,Wichita,KS,-97.247118,37.682241
675,2973,100 Columbiana Circle,Columbia,SC,-81.155452,34.077723
676,2966,291 Chesterfield Mall,Chesterfield,MO,-90.564884,38.652475
677,2990,11500 Midlothian Turnpike,Midlothian,VA,-77.696511,37.517322
678,303,615 E Palatine Rd,Arlington Heights,IL,-87.975845,42.108238
679,323,1000 W North Ave,Chicago,IL,-87.653557,41.912025
680,364,6110 Birdcage Centre Ln,Citrus Heights,CA,-121.27426,38.676498
681,360,26 Cypress St,Williston,VT,-73.108429,44.443977
682,36,19110 E 39th St S,Independence,MO,-94.358147,39.049152
683,383,4610 Highway 280,Birmingham,AL,-86.719803,33.4342
684,390,2175 Walker Lake Rd,Mansfield,OH,-82.594879,40.786804
685,246,5514 S Broadway Ave,Tyler,TX,-95.302696,32.288639
686,2501,3676 South US Highway 41,Terre Haute,IN,-87.416047,39.422271
687,2513,18071 Highwood Preserve Parkway,Tampa,FL,-82.36668,28.13192
688,2530,2645 SW College Road,Ocala,FL,-82.168421,29.166559
689,2542,8001 S. Orange Blossom Trail,Orlando,FL,-81.395945,28.44594
690,264,370 Harbison Blvd,Columbia,SC,-81.153114,34.075825
691,269,6555 Frontier Dr,Springfield,VA,-77.169968,38.774818
692,261,2109 Matthews Township Parkway,Matthews,NC,-80.703965,35.126871
693,2704,1251 US Hwy 31 N,Greenwood,IN,-86.105015,39.59991
694,2733,12300 Jefferson Avenue,Newport News,VA,-76.495875,37.112494
695,2801,271 Greece Ridge Center Drive,Rochester,NY,-77.690932,43.204634
696,2811,2901 East College Ave.,State College,PA,-77.80064,40.831507
697,280,2511 W Loop 250 N,Midland,TX,-102.1193,32.03582
698,282,1701 Belmont Ave,Baltimore,MD,-76.747841,39.313713
699,2823,2823 Florence Mall,Florence,KY,-84.6499595,38.9967246
700,2854,6002 Slide Rd,Lubbock,TX,-101.922409,33.539839
701,285,96 Rothrock Rd,Akron,OH,-81.649628,41.133499
702,2870,2163 S Mooney Blvd,Visalia,CA,-119.313898,36.311032
703,2872,269 Southland Mall,Hayward,CA,-122.101571,37.654679
704,2878,8201 S Tamiami Trail,Sarasota,FL,-82.497577,27.23332
705,28,825 Pilgrim Way,Green Bay,WI,-88.06794,44.481197
706,288,15750 Shady Grove Rd,Gaithersburg,MD,-77.18708,39.115108
707,2933,1300 West Sunset Road,Henderson,NV,-115.04049,36.063818
708,2948,6269 W NEWBERRY RD,Gainesville,FL,-82.410275,29.660106
709,2955,5794 Durand Ave,Racine,WI,-87.845889,42.697577
710,2961,6200 20th St,Vero Beach,FL,-80.457605,27.641698
711,2987,2625 Scottsville Rd,Bowling Green,KY,-86.427802,36.948331
712,2998,1517 Alton Road,Miami Beach,FL,-80.140796,25.787953
713,316,7401 Lemont Rd,Downers Grove,IL,-88.008904,41.752937
714,2994,2901 S Capital of Texas Hwy,Austin,TX,-97.808652,30.256297
715,331,2 International Dr,Danbury,CT,-73.415031,41.416344
716,345,148 Walt Whitman Rd,Huntington Station,NY,-73.410637,40.825775
717,347,5635 Johnston St,Lafayette,LA,-92.074905,30.176125
718,351,464 E Joyce Blvd,Fayetteville,AR,-94.150681,36.124676
719,243,4505 Monroe St,Toledo,OH,-83.620056,41.686829
720,2519,3702 Frederick Ave,Saint Joseph,MO,-94.803143,39.77691
721,260,1455 West Southern Road,Mesa,AZ,-111.85358,33.39109
722,25,4610 S 76th St,Greenfield,WI,-88.006241,42.960411
723,266,2907 Centre Dr,Fairborn,OH,-84.050331,39.774101
724,2706,8000 West Broward Boulevard,Plantation,FL,-80.254071,26.120718
725,2722,10300 Little Patuxent Pkwy,Columbia,MD,-76.863581,39.217147
726,271,1417 Golden Gate Blvd,Mayfield Heights,OH,-81.448357,41.521706
727,2730,14200 East Alameda Avenue,Aurora,CO,-104.824794,39.708946
728,2746,237 Cross Creek Mall,Fayetteville,NC,-78.960733,35.072285
729,2754,7021 South Memorial Drive,Tulsa,OK,-95.886232,36.062236
730,2781,1689 Arden Way,Sacramento,CA,-121.427554,38.601935
731,2790,4230 Belden Village Mall,Canton,OH,-81.431308,40.856734
732,2809,3537 Capital City Mall Drive,Camp Hill,PA,-76.93,40.224407
733,281,1000 West 78th St.,Richfield,MN,-93.292557,44.863312
734,2850,9090 Destiny USA Drive,Syracuse,NY,-76.170528,43.066953
735,2855,2370 N  Expressway,Brownsville,TX,-97.504533,25.948811
736,2879,100 Viewmont Mall,Scranton,PA,-75.656921,41.460751
737,2888,701 Russell Avenue,Gaithersburg,MD,-77.205929,39.15098
738,2916,3800 State Road 16,La Crosse,WI,-91.202394,43.866533
739,2926,7401 Market Street,Youngstown,OH,-80.662699,41.02281
740,2919,5043 Tuttle Crossing Blvd,Dublin,OH,-83.129888,40.076419
741,2901,385 Southbridge Street,Auburn,MA,-71.835952,42.203384
742,2975,12313 Wayzata Blvd,Minnetonka,MN,-93.437887,44.968016
743,2985,1700 W New Haven Ave,Melbourne,FL,-80.650981,28.081957
744,322,1334 Winston Plz,Melrose Park,IL,-87.849403,41.90707
745,32,5651 South Service Road,Saint Peters,MO,-90.611115,38.797874
746,372,31601 Pacific Hwy S,Federal Way,WA,-122.315237,47.317171
747,397,8449 Leesburg Pike,Vienna,VA,-77.240234,38.924973
748,204,4970 Us Hwy. 290 W,Austin,TX,-97.819771,30.235821
749,225,4040 S College Ave,Fort Collins,CO,-105.0756,40.52911
750,2701,3001 White Bear Ave N,St. Paul,MN,-93.020768,45.027936
751,2735,639 Bay Park Square,Green Bay,WI,-88.067962,44.484684
752,2757,4800 Golf Road,Eau Claire,WI,-91.438715,44.7757
753,2759,134 St. Clair Square,Fairview Heights,IL,-89.980302,38.59601
754,2813,1300 Ulster Avenue,Kingston,NY,-73.983221,41.966399
755,2810,17301 Valley Mall Road,Hagerstown,MD,-77.770843,39.624675
756,2859,2801 Wilma Rudolph Blvd.,Clarksville,TN,-87.287668,36.588758
757,2853,10000 Coors Bypass,Albuquerque,NM,-106.658907,35.196132
758,2873,1401 Greenbrier Parkway South,Chesapeake,VA,-76.230162,36.776397
759,2891,2300 East 17th Street,Idaho Falls,ID,-111.988517,43.47916
760,2893,6000 W Markham St,Little Rock,AR,-92.342795,34.753461
761,2892,4511 N Midkiff Dr,Midland,TX,-102.130957,32.031309
762,2907,1400 Dell Range Blvd.,Cheyenne,WY,-104.806389,41.16031
763,2952,3299 Bel Air Mall,Mobile,AL,-88.124753,30.673851
764,2967,100 Manhattan Town Center,Manhattan,KS,-96.558346,39.179317
765,295,3840 Morse Rd,Columbus,OH,-82.917114,40.058647
766,2977,3500 Oleander Dr,Wilmington,NC,-77.906545,34.212796
767,2980,55 Parsonage Rd,Edison,NJ,-74.334319,40.548087
768,307,3351 Mall Loop Dr,Joliet,IL,-88.165031,41.580746
769,327,2323 Sagamore Pkwy S,Lafayette,IN,-86.852875,40.394775
770,337,3751 32nd Ave S,Grand Forks,ND,-97.083199,47.88855
771,366,4102 S Meridian Ste A,Puyallup,WA,-122.29316,47.152443
772,362,9970 N Newport Hwy,Spokane,WA,-117.39812,47.749241
773,382,1400 Denver West Blvd,Lakewood,CO,-105.15391,39.736855
774,2393,777 E Merritt Island Causeway,Merritt Island,FL,-80.684667,28.355038
775,199,16980 Southwest Fwy,Sugar Land,TX,-95.640045,29.587284
776,2518,625 Atlantic Ave,Brooklyn,NY,-73.97417,40.68345
777,2543,4601 E Main Street,Farmington,NM,-108.156084,36.757555
778,2723,1700 W International Speedway Blvd.,Daytona Beach,FL,-81.063029,29.195698
779,277,11525 Metcalf Ave,Overland Park,KS,-94.666512,38.916534
780,2777,1350 Travis Blvd.,Fairfield,CA,-122.052949,38.261323
781,2791,228 Great Northern Mall,North Olmsted,OH,-81.906825,41.417026
782,2814,2899 Whiteford Road,York,PA,-76.670703,39.98798
783,2817,1982 W. Grand River Avenue,Okemos,MI,-84.421193,42.723902
784,2831,401 NE Northgate Way,Seattle,WA,-122.3270436,47.7075525
785,2863,3902 13th Ave S,Fargo,ND,-96.843706,46.859647
786,287,2730 Prince William Pkwy,Woodbridge,VA,-77.296356,38.652996
787,2880,5500 Buckeystown Pike,Frederick,MD,-77.405638,39.383058
788,2908,1956 Tamiami Trail North,Naples,FL,-81.79949,26.171147
789,2920,495 Union Street Suite,Waterbury,CT,-73.025054,41.548255
790,2979,2501 W Memorial Rd,Oklahoma City,OK,-97.561129,35.612494
791,300,53 Boston Post Rd,Orange,CT,-72.990379,41.279716
792,310,4400 E New York St,Aurora,IL,-88.207924,41.76503
793,312,17151 Torrence Ave,Lansing,IL,-87.557167,41.584328
794,315,6000 Northwest Highway 14,Crystal Lake,IL,-88.315041,42.227116
795,332,805 Texas Ave S,College Station,TX,-96.331429,30.625923
796,369,1650 N Atherton St,State College,PA,-77.893356,40.806892
797,357,5692 Fairmont Pkwy,Pasadena,TX,-95.152748,29.645262
798,363,7080 Youree Dr,Shreveport,LA,-93.718773,32.439808
799,392,2852 Canyon Springs Pkwy,Riverside,CA,-117.27953,33.94096
800,399,3800 Rib Mountain Dr,Wausau,WI,-89.65448,44.920456
801,403,35100 Cowan Rd,Westland,MI,-83.3862122,42.3434956
802,219,1409 W I 240 Service Road,Oklahoma City,OK,-97.543728,35.391657
803,2399,5625 Xerxes Ave N,Brooklyn Center,MN,-93.321479,45.057588
804,2505,8657 Villa La Jolla Dr,La Jolla,CA,-117.232736,32.865838
805,2507,2657 South MacArthur Drive,Alexandria,LA,-92.4591,31.27102
806,2511,900 West Shawnee,Muskogee,OK,-95.37118,35.77228
807,2520,4750 N Division,Spokane,WA,-117.40904,47.702811
808,2524,4600 Jonestown Road,Harrisburg,PA,-76.816227,40.302123
809,2533,5539 W Loop 1604 N,San Antonio,TX,-98.707291,29.491569
810,2541,3301 West Main Street,Norman,OK,-97.491177,35.218483
811,2545,2310 SW Military Drive,San Antonio,TX,-98.531471,29.356662
812,268,8210 Concord Mills Blvd,Concord,NC,-80.754929,35.313236
813,2707,2525 El Camino Real,Carlsbad,CA,-117.330068,33.1786
814,2712,3030 Plaza Bonita Road,National City,CA,-117.065718,32.65578
815,270,7006 Two Notch Rd,Columbia,SC,-80.96037,34.06115
816,2718,1600 Miller Trunk Highway,Duluth,MN,-92.159865,46.804569
817,2740,3000 East First Ave,Denver,CO,-104.957457,39.716579
818,2802,501 Miracle Mile Drive,Rochester,NY,-77.630613,43.083023
819,2807,1600 East Rio Rd,Charlottesville,VA,-78.466913,38.067789
820,2818,500 W. Germantown Pike,Plymouth Meeting,PA,-75.285787,40.116472
821,2824,1800 Galleria Blvd,Franklin,TN,-86.811281,35.95775
822,2828,101 Jordan Creek Pkwy,West Des Moines,IA,-93.804642,41.569112
823,2836,35000 Warren Rd.,Westland,MI,-83.390354,42.341412
824,2856,3111 Midwestern Parkway,Wichita Falls,TX,-98.53244,33.868557
825,2875,3131 Manchester Expy,Columbus,GA,-84.942473,32.507897
826,2914,5 East Towne Mall,Madison,WI,-89.306707,43.122557
827,2929,3500 East West Hwy,Hyattsville,MD,-76.959345,38.966951
828,2953,1 W Flatiron Crossing Dr,Broomfield,CO,-105.132383,39.93317
829,2932,4300 Meadows Ln,Las Vegas,NV,-115.199681,36.170231
830,2978,700 Paramus Park,Paramus,NJ,-74.069334,40.957782
831,2988,8300 Sudley Road,Manassas,VA,-77.505326,38.773324
832,318,701 N Milwaukee Ave,Vernon Hills,IL,-87.942871,42.238525
833,335,4251 Outer Loop,Louisville,KY,-85.677673,38.139385
834,348,398 Cox Creek Parkway,Florence,AL,-87.637985,34.842548
835,380,200 Town Center Parkway,Slidell,LA,-89.757571,30.26848
836,385,228 Colony Place,Plymouth,MA,-70.715469,41.972893
837,396,255 Madonna Rd,San Luis Obispo,CA,-120.67577,35.257591
838,406,2650 E Beltline Ave SE,Grand Rapids,MI,-85.581505,42.915329
839,2378,10455 Ulmerton Rd.,Largo,FL,-82.78363,27.894913
840,218,101 Westgate Pkwy,Amarillo,TX,-101.93421,35.183792
841,220,5801 N May Ave,Oklahoma City,OK,-97.567085,35.529671
842,233,510 Gulfgate Center Mall,Houston,TX,-95.294044,29.697538
843,2447,7602 S Cicero Avenue,Burbank,IL,-87.743288,41.755876
844,247,1405 Spring Meadows Dr,Holland,OH,-83.696869,41.615524
845,2506,70 Worcester Providence Turnpike,Millbury,MA,-71.77605,42.19519
846,2512,1343 North National Avenue,Columbus,IN,-85.878748,39.211812
847,2522,2300 Bernadette Dr,Columbia,MO,-92.375518,38.963839
848,254,6315 E Southern Ave,Mesa,AZ,-111.69455,33.392735
849,2763,5000 W Empire Mall,Sioux Falls,SD,-96.775221,43.514084
850,2789,2000 Brittain Road,Akron,OH,-81.46867,41.114916
851,2797,123 W County Center,St. Louis,MO,-90.447791,38.603024
852,2842,8555 Seneca Tpke,New Hartford,NY,-75.314046,43.079987
853,2867,2500 Milton Ave,Janesville,WI,-89.001434,42.71266
854,2895,4800 Briarcliff Road,Atlanta,GA,-84.255343,33.84988
855,2930,1500 Harvey Rd,College Station,TX,-96.304689,30.62766
856,2910,1850 Apple Blossom Dr,Winchester,VA,-78.163241,39.1635
857,2935,5600 Harvey St,Muskegon,MI,-86.205872,43.150131
858,294,110 E Blackstock Rd,Spartanburg,SC,-81.990952,34.934986
859,2956,145 Mall Circle Dr,Monroeville,PA,-79.793928,40.434593
860,304,350 W Army Trail Rd,Bloomingdale,IL,-88.110245,41.93795
861,299,4325 Glenwood Ave,Raleigh,NC,-78.67569,35.837574
862,31,26 Plaza Dr.,Fairview Heights,IL,-89.990382,38.5889386
863,341,959 Viewmont Dr,Dickson City,PA,-75.653275,41.456394
864,344,17 West Ridgewood Ave,Paramus,NJ,-74.076767,40.96693
865,359,4281 Meridian St,Bellingham,WA,-122.48726,48.796295
866,350,9930 Southside Blvd,Jacksonville,FL,-81.553749,30.189497
867,370,1608 Nw Chipman Rd,Lees Summit,MO,-94.406761,38.929939
868,376,1515 Orchard Xing,Benton Harbor,MI,-86.422928,42.076942
869,398,9551 Ridgetop Blvd Nw,Silverdale,WA,-122.67893,47.655174
870,21,1431 Coral Ridge Avenue,Coralville,IA,-91.602524,41.692726
871,224,6700 W Kellogg Dr,Wichita,KS,-97.420036,37.675171
872,227,6300 E Lloyd Expressway,Evansville,IN,-87.490852,37.984589
873,22,5153 Elmore Ave,Davenport,IA,-90.523376,41.570271
874,245,15300 Cedar Ave,Apple Valley,MN,-93.21521,44.729126
875,2535,2100 Snelling Avenue North,Roseville,MN,-93.163927,45.003495
876,262,10600 Centrum Pkwy,Pineville,NC,-80.878593,35.088947
877,2724,8001 South Orange Blossom Trail,Orlando,FL,-81.399096,28.443489
878,2715,95 North Moorland Rd,Brookfield,WI,-88.109,43.0323
879,2728,6600 Topanga Canyon Boulevard,Canoga Park,CA,-118.604941,34.190465
880,2739,701 Lynnhaven Parkway,Virginia Beach,VA,-76.069787,36.817702
881,2744,10300 Southside Blvd,Jacksonville,FL,-81.554019,30.186051
882,2748,1232 Mid Rivers Mall,St. Peters,MO,-90.625029,38.775903
883,2758,2100 Hamilton Place Blvd.,Chattanooga,TN,-85.157315,35.033004
884,2761,3340 Mall Loop Drive,Joliet,IL,-88.16428,41.577948
885,2762,10000 California St.,Omaha,NE,-96.06833,41.264258
886,2772,197 Westbank Expressway,Gretna,LA,-90.053443,29.911924
887,2780,1000 Rivergate Pkwy,Goodlettsville,TN,-86.697022,36.304948
888,2796,5 Gateway Mall,Lincoln,NE,-96.641757,40.814023
889,2799,3341 S. Linden Rd,Flint,MI,-83.767913,42.979812
890,279,5140 Great Northern Plz S,North Olmsted,OH,-81.911743,41.414711
891,2820,6800 Eastman Avenue,Midland,MI,-84.2474323,43.6573576
892,2830,8700 NE Vancouver Mall Drive,Vancouver,WA,-122.581833,45.66031
893,284,6650 Midway Blvd,Elyria,OH,-82.112083,41.397774
894,2864,1 Bellis Fair Pkwy,Bellingham,WA,-122.490481,48.786014
895,2889,3333 W Touhy Ave,Lincolnwood,IL,-87.71208,42.011834
896,2902,96 River Oaks Ctr,Calumet City,IL,-87.555288,41.597441
897,2911,3929 McCain Blvd,N Little Rock,AR,-92.227938,34.790614
898,2922,286 Woodbridge Ctr,Woodbridge,NJ,-74.299918,40.557374
899,292,2782 Taylor Road Ext,Reynoldsburg,OH,-82.785385,39.936005
900,2931,6155 Eastex Fwy,Beaumont,TX,-94.161606,30.125692
901,2934,2400 Richmond Rd,Texarkana,TX,-94.087873,33.457477
902,2937,5111 Rogers Ave,Ft. Smith,AR,-94.374737,35.36377
903,2965,14700 E Indiana,Spokane Valley,WA,-117.206612,47.673609
904,2986,2034 Green Acres Mall,Valley Stream,NY,-73.724049,40.66312
905,298,7675 N Academy Blvd,Colorado Springs,CO,-104.79803,38.944344
906,2982,3049 William St,Cape Girardeau,MO,-89.570464,37.298859
907,308,15854 S La Grange Rd,Orland Park,IL,-87.857353,41.602459
908,320,2358 Harlem Ave,North Riverside,IL,-87.805817,41.847572
909,377,3085 Gateway Blvd,Prescott,AZ,-112.43195,34.550468
910,228,737 Northcrest Shopping Ctr,Fort Wayne,IN,-85.131424,41.119022
911,2394,5215 De Zavala Road,San Antonio,TX,-98.587691,29.564292
912,23,4401 16th St,Moline,IL,-90.50766,41.46843
913,240,333 N 170th St,Omaha,NE,-96.177521,41.262672
914,2504,5301 Beltline Road,Dallas,TX,-96.815371,32.954121
915,2510,100 Meyerland Plaza Mall,Houston,TX,-95.45953,29.685877
916,2515,3725 US 41 West,Marquette,MI,-87.47255,46.54769
917,2537,5580 Goods Lane,Altoona,PA,-78.410035,40.467871
918,2526,2701 Ming Avenue,Bakersfield,CA,-119.034423,35.338236
919,2539,2200 S. 10th Street,Mcallen,TX,-98.235824,26.187544
920,2544,7800 N Navarro Street,Victoria,TX,-96.993162,28.87167
921,256,4255 Lyndon B Johnson Fwy,Farmers Branch,TX,-96.835213,32.92749
922,2711,1640 Camino Del Rio North,San Diego,CA,-117.148658,32.768302
923,2785,5001 Monroe Street,Toledo,OH,-83.641339,41.697339
924,2805,2000 North Neil St.,Champaign,IL,-88.244711,40.139964
925,2857,2300 E Lincoln Highway,Langhorne,PA,-74.880177,40.183611
926,2868,230 Southpark Circle,Colonial Heights,VA,-77.393539,37.253834
927,2877,7701 W Interstate 40,Amarillo,TX,-101.925432,35.186447
928,2882,6600 Menaul Blve NE,Albuquerque,NM,-106.574227,35.107913
929,2899,2601 Dawson Rd,Albany,GA,-84.217976,31.616642
930,2927,475 Spotsylvania Mall,Fredricksburg,VA,-77.509526,38.292946
931,2925,5256 State Road 30,Greensburg,PA,-79.507773,40.303109
932,2928,3001 South 144th St,Omaha,NE,-96.138455,41.229146
933,2942,20205 S Dixie Highway,Miami,FL,-80.371625,25.576382
934,2971,3562 S Maryland Pkwy,Las Vegas,NV,-115.137237,36.125726
935,2969,2000 Riverchase Galleria,Hoover,AL,-86.809548,33.376609
936,296,602 Boulton Street,Bel Air,MD,-76.359215,39.527973
937,30,7017 S Lindbergh Blvd,Saint Louis,MO,-90.33017,38.510273
938,330,1895 Adams St,Mankato,MN,-93.949699,44.16917
939,324,11 Countryside Plz,Countryside,IL,-87.872665,41.783432
940,371,1403 S Reed Rd,Kokomo,IN,-86.109589,40.47047
941,389,1540 Dogwood Dr Se,Conyers,GA,-84.08573,33.69778
942,39,9301 Quivira Rd,Overland Park,KS,-94.722305,38.957302
943,402,45520 Utica Park Blvd,Utica,MI,-83.006142,42.631668
944,405,4460 Bay Rd,Saginaw,MI,-83.972229,43.471016
945,2508,4710 Cherry Hill Road,College Park,MD,-76.9318,39.016519
946,242,19425 Gulf Fwy,Webster,TX,-95.140755,29.54365
947,238,5885 Eastex Fwy,Beaumont,TX,-94.155014,30.124346
948,2517,2370 Poplar Drive,Medford,OR,-122.86957,42.353018
949,257,561 Boardman Poland Rd,Boardman,OH,-80.644325,41.023308
950,259,3220 Nicholasville Rd,Lexington,KY,-84.521439,37.993816
951,2714,500 Baybrook Mall,Friendswood,TX,-95.148136,29.544216
952,2716,2856 E 3rd St,Bloomington,IN,-86.495262,39.164202
953,2737,14500 West Colfax Avenue,Lakewood,CO,-105.157247,39.733323
954,2750,1024 Santa Rosa Plaza,Santa Rosa,CA,-122.717189,38.440447
955,2800,6650 S. Westnedge Avenue,Portage,MI,-85.589405,42.221258
956,2812,412 W. 14 Mile Rd.,Troy,MI,-83.112164,42.534228
957,2821,4125 Cleveland Street,Fort Myers,FL,-81.868501,26.599288
958,2847,200 SW C Ave Suite 68,Lawton,OK,-98.391763,34.603548
959,283,5799 Leesburg Pike,Falls Church,VA,-77.131279,38.850452
960,2900,20131 Highway 59 North,Humble,TX,-95.270589,30.008287
961,2917,1855 41st Ave,Capitola,CA,-121.966635,36.977495
962,2960,7501 W Cermak Rd,Riverside,IL,-87.811262,41.847938
963,2991,4502 S Steele St.,Tacoma,WA,-122.467565,47.216578
964,306,4925 Cal Sag Rd,Crestwood,IL,-87.7367,41.65369
965,311,7600 S Cicero Ave,Burbank,IL,-87.742494,41.755972
966,329,12905 Elm Creek Blvd N,Maple Grove,MN,-93.442375,45.093018
967,338,3741 Ellison Rd. NW,Albuquerque,NM,-106.65541,35.206696
968,352,9540 Mira Mesa Blvd,San Diego,CA,-117.11728,32.918617
969,353,2701 Pablo Kisel Blvd,Brownsville,TX,-97.505981,25.959242
970,393,1015 N La Brea Ave,W Hollywood,CA,-118.344561,34.089316
971,391,2550 Naglee Rd,Tracy,CA,-121.45798,37.757935
972,2514,123 Orange Fair Mall Rd,Fullerton,CA,-117.922131,33.856301
973,2521,4101 E. 42nd Street,Odessa,TX,-102.340951,31.893154
974,253,1949 E Camelback Rd,Phoenix,AZ,-112.03876,33.508217
975,258,2601 S Stemmons Fwy,Lewisville,TX,-96.963219,32.999397
976,2703,1400 Willowbrook Mall,Wayne,NJ,-74.260638,40.890429
977,26,2401 North Mayfair Road,Wauwatosa,WI,-88.049141,43.062759
978,2743,1208 Fox Valley Center Drive,Aurora,IL,-88.211997,41.760322
979,2773,4201 N Shiloh Dr.,Fayetteville,AR,-94.145309,36.123592
980,2778,925 Blossom Hill Road,San Jose,CA,-121.86173,37.252621
981,2765,1615 East Empire St,Bloomington,IL,-88.956401,40.485889
982,278,445 Howe Ave.,Cuyahoga Falls,OH,-81.47757,41.119858
983,2808,782 New River Rd,Christianburg,VA,-80.429373,37.163709
984,2819,125 Serramonte Center,Daly City,CA,-122.469228,37.669204
985,2845,2500 N Mayfair Rd,Wauwatosa,WI,-88.044662,43.064415
986,2848,5953 West Park Avenue,Houma,LA,-90.758088,29.633827
987,2866,4500 N Oracle Rd,Tucson,AZ,-110.974059,32.288656
988,2862,4156-E North Harlem Ave,Norridge,IL,-87.807425,41.953814
989,2881,5870 E Broadway Blvd,Tucson,AZ,-110.867261,32.221467
990,2886,11200 Lakeline Mall Dr,Cedar Park,TX,-97.798381,30.47325
991,2970,755 State Route 18,East Brunswick,NJ,-74.382659,40.423478
992,2962,3800 US Highway 98 N,Lakeland,FL,-81.978279,28.091024
993,2974,5000 Meadowood Mall Circle,Reno,NV,-119.780892,39.472229
994,305,900 E Golf Rd,Schaumburg,IL,-88.05732,42.051189
995,309,2490 E 79th Ave,Merrillville,IN,-87.304314,41.473297
996,356,7665 Sudley Rd,Manassas,VA,-77.513344,38.7895
997,349,9131 W Stockton Blvd,Elk Grove,CA,-121.39713,38.426502
998,358,611 Marks St,Henderson,NV,-115.03682,36.065033
999,387,1876 S Randall Rd,Geneva,IL,-88.342552,41.867233
1000,417,21051 Haggerty Rd,Novi,MI,-83.43766,42.443993
1001,407,30701 Gratiot Ave,Roseville,MI,-82.923088,42.522266
1002,409,3410 Alpine Ave NW,Grand Rapids,MI,-85.689129,43.025014
1003,443,9537 W Colonial Dr,Ocoee,FL,-81.517899,28.553106
1004,413,6900 S Westnedge Ave,Portage,MI,-85.590546,42.217541
1005,442,1851 Sunrise Highway,Bay Shore,NY,-73.236984,40.739594
1006,450,9739 NE Cascades Pkwy,Portland,OR,-122.56196,45.57545
1007,45,281 Deane Dr,Rockford,IL,-88.982018,42.270618
1008,467,3601 Hempstead Tpke,Levittown,NY,-73.500443,40.727947
1009,475,51 Chambersbridge Rd,Brick,NJ,-74.139458,40.061134
1010,521,5181 S State St,Murray,UT,-111.88615,40.658905
1011,538,9090 Destiny USA Drive,Syracuse,NY,-76.172577,43.069202
1012,559,11450 Pines Blvd,Pembroke Pines,FL,-80.301666,26.006342
1013,603,7800 N Navarro St,Victoria,TX,-96.996155,28.866844
1014,613,5201 N Belt Hwy,St Joseph,MO,-94.813057,39.812572
1015,764,4500 Van Nuys Blvd,Sherman Oaks,CA,-118.44733,34.153481
1016,792,4730 Sergeant Rd,Sioux City,IA,-96.345161,42.445923
1017,8009,2800 North Terminal Rd.,Houston,TX,-95.347925,29.986715
1018,8034,1 World Way,Los Angeles,CA,-118.398227,33.94466
1019,803,5216 W Saginaw Hwy,Lansing,MI,-84.623619,42.741688
1020,8087,3 Brewster Rd,Newark,NJ,-74.177373,40.690382
1021,8095,4200 Genesee Street,Cheektowaga,NY,-78.731887,42.934038
1022,814,2100 N Elston Ave,Chicago,IL,-87.670631,41.919514
1023,8160,601 Brasilia Avenue,Kansas City,MO,-94.715947,39.305254
1024,8187,"Landside Terminal, 4th Floor, Mezz PO Box 12370",Pittsburgh,PA,-79.993966,40.442748
1025,8500,50 Massachusetts Avenue NE,Washington,DC,-77.006254,38.897121
1026,842,1165 N Dupont Hwy,Dover,DE,-75.537704,39.188335
1027,8556,"2000 GSP Drive, Suite 1",Greer,SC,-82.217301,34.890806
1028,859,3201 S I H 35 ,Round Rock,TX,-97.671028,30.477478
1029,863,63455 N Highway 97,Bend,OR,-121.29939,44.104492
1030,877,200 Westgate Dr,Brockton,MA,-71.054298,42.094341
1031,880,3906 Burbank Rd,Wooster,OH,-81.942741,40.851982
1032,897,30830 Orchard Lake Rd,Farmington Hills,MI,-83.358322,42.524887
1033,461,1100 N Galleria Dr,Middletown,NY,-74.370705,41.451874
1034,470,330 NE Northgate Way,Seattle,WA,-122.32269,47.709419
1035,472,2391 Route 22 W,Union,NJ,-74.298042,40.690983
1036,496,1093 West Riverdale Rd,Ogden,UT,-112.007388,41.175694
1037,499,3700 Mandela Pkwy,Oakland,CA,-122.28633,37.827579
1038,543,2829 N Federal Hwy,Fort Lauderdale,FL,-80.117157,26.162939
1039,545,4725 Commercial Dr,New Hartford,NY,-75.310799,43.091564
1040,573,6 Mall Rd,Barboursville,WV,-82.263016,38.418854
1041,577,310 Commerce Blvd,Fairless Hills,PA,-74.863243,40.187136
1042,587,1504 Macarthur Rd,Whitehall,PA,-75.485695,40.628716
1043,590,6809 West Canal Drive,Kennewick,WA,-119.21065,46.226234
1044,591,78 Damante Dr,Concord,NH,-71.474037,43.232655
1045,592,2450 King Ave W,Billings,MT,-108.57835,45.753693
1046,597,6650 Peach St,Erie,PA,-80.092651,42.057053
1047,604,440 Indian Head Dr,Mason City,IA,-93.272888,43.147381
1048,774,2982 El Camino Real,Tustin,CA,-117.79408,33.721481
1049,790,1709 N Bechtle Ave,Springfield,OH,-83.836006,39.94521
1050,796,6825 Mills Civic Pkwy,West Des Moines,IA,-93.800575,41.565117
1051,8011,275 S Airport Blvd,San Francisco,CA,-122.404346,37.646615
1052,8026,2001 East Plumb Lane,Reno,NV,-119.776726,39.504041
1053,8092,5300 South Howell Ave,Milwaukee,WI,-87.904261,42.948026
1054,8088,JFK Access Road,Jamaica,NY,-73.784817,40.645676
1055,812,1220 S Duff Ave,Ames,IA,-93.60405,42.009331
1056,8125,7777 East Apache Street,Tulsa,OK,-95.895321,36.197539
1057,8132,4600 International Gateway,Columbus,OH,-82.889208,39.99822
1058,8135,1 World Way,Los Angeles,CA,-118.398227,33.94466
1059,8158,1200 Brooks Ave,Rochester,NY,-77.663133,43.128276
1060,8166,3665 N. Harbor Drive,San Diego,CA,-117.196715,32.730323
1061,8167,3665 N. Harbor Drive,San Diego,CA,-117.196704,32.729565
1062,8192,5757 Wayne Newton Blvd,Las Vegas,NV,-115.149411,36.085883
1063,8528,"I-90, East of Belvidere Toll Plaza Mile post 24",Belvidere,IL,-88.844267,42.26391
1064,8527,I-95 Southbound past exit 40,Milford,CT,-73.026968,41.246851
1065,852,98-051 Kamehameha Hwy,Aiea,HI,-157.9497,21.384672
1066,8551,4000 International Ln,Madison,WI,-89.345808,43.136469
1067,855,1145 Oak Forest Ln,Myrtle Beach,SC,-78.917053,33.706165
1068,421,1340 Greenbrier Pkwy,Chesapeake,VA,-76.230637,36.773109
1069,420,217 Independence Blvd,Virginia Beach,VA,-76.138672,36.836315
1070,432,200 Mall Circle Dr,Monroeville,PA,-79.800148,40.431396
1071,482,60 West 23rd Street,New York,NY,-73.99295,40.74194
1072,490,14610 N Meridian St,Carmel,IN,-86.129921,40.000778
1073,491,3301 N Marleon Dr,Muncie,IN,-85.437332,40.220001
1074,493,3401 Jefferson Davis Hwy,Alexandria,VA,-77.049011,38.831665
1075,502,2460 Cobb Pkwy Se,Smyrna,GA,-84.478714,33.891396
1076,509,597 W State Road 436,Altamonte Springs,FL,-81.407402,28.662216
1077,515,1900 W International Speedway,Daytona Beach,FL,-81.075783,29.191765
1078,527,261 W 2100 S,Salt Lake City,UT,-111.89649,40.72496
1079,56,731 N U.S. Highway 67,Cedar Hill,TX,-96.937014,32.602106
1080,595,125 Donohoe Rd,Greensburg,PA,-79.511009,40.304958
1081,608,1501 Rinehart Rd,Sanford,FL,-81.329147,28.800777
1082,612,69344 Highway 21,Covington,LA,-90.138527,30.44239
1083,665,12820 South Freeway,Burleson,TX,-97.320786,32.570015
1084,654,8755 N. Port Washington Rd.,Fox Point,WI,-87.914368,43.175716
1085,685,760 E El Camino Real,Sunnyvale,CA,-122.01905,37.356812
1086,795,1800 Tiffin Ave,Findlay,OH,-83.618866,41.05275
1087,7,1643 County Road B2,Roseville,MN,-93.168518,45.01651
1088,799,34940 Emerald Coast Pkwy,Destin,FL,-86.423141,30.387573
1089,8002,6000 N. Terminal Pkwy,Atlanta,GA,-84.444486,33.641229
1090,8017,5757 Wayne Newton Blvd,Las Vegas,NV,-115.150408,36.08863
1091,8010,2800 North Terminal Rd.,Houston,TX,-95.347925,29.986715
1092,8039,9 Airport Dr.,Oakland,CA,-122.200085,37.729292
1093,8045,4600 International Gateway,Columbus,OH,-82.889208,39.99822
1094,8047,JFK Access Road,Jamaica,NY,-73.784817,40.645676
1095,8068,5757 Wayne Newton Blvd,Las Vegas,NV,-115.150408,36.08863
1096,8079,One Airport Blvd.,Orlando,FL,-81.309138,28.430565
1097,8142,6000 N. Terminal Pkwy,Atlanta,GA,-84.444486,33.641229
1098,8147,400 Airways Avenue,Savannah,GA,-81.208756,32.135632
1099,8156,2000 Post Road,Warwick,RI,-71.435941,41.725901
1100,8182,5500 44th Street Southeast,Grand Rapids,MI,-85.529585,42.884652
1101,8186,"Landside Terminal, 4th Floor, Mezz PO Box 12370",Pittsburgh,PA,-79.993966,40.442748
1102,821,5220 Capital Boulevard,Raleigh,NC,-78.579881,35.857307
1103,8190,1 Terminal Dr,Middletown,PA,-76.722108,40.201756
1104,8545,I-95 Southbound past exit 10,Darien,CT,-73.447961,41.097517
1105,868,274 Plainfield Rd,West Lebanon,NH,-72.326271,43.625576
1106,8809,777 Harrah's Boulevard,Atlantic City,NJ,-74.427273,39.384248
1107,8815,3770 Las Vegas Boulevard South,Las Vegas,NV,-115.176758,36.104488
1108,869,3100 W Frye Rd,Chandler,AZ,-111.89569,33.299419
1109,874,2068 Bridgeview Blvd,Twin Falls,ID,-114.45326,42.596416
1110,8916,601 Brasilia Avenue,Kansas City,MO,-94.715947,39.305254
1111,424,3750 Sw Archer Rd,Gainesville,FL,-82.380379,29.621784
1112,431,5019 S Cleveland Ave,Fort Myers,FL,-81.871803,26.587294
1113,463,45 Bangor Mall Blvd,Bangor,ME,-68.746284,44.835999
1114,47,3193 S Veterans Pkwy,Springfield,IL,-89.706505,39.75972
1115,484,120 Slater St,Manchester,CT,-72.536156,41.807316
1116,51,2111 North Rock Rd,Wichita,KS,-97.245613,37.722157
1117,552,12495 SW 88th Street,Miami,FL,-80.397728,25.68733
1118,572,6205 Veterans Memorial Blvd,Metaire,LA,-90.212784,30.005951
1119,585,4801 Mcknight Rd,Pittsburgh,PA,-80.007973,40.523521
1120,609,622 Broadway,New York,NY,-73.996689,40.72551
1121,758,470 E Aurora Rd,Macedonia,OH,-81.520035,41.313168
1122,763,478 Alakawa St,Honolulu,HI,-157.87526,21.318649
1123,8001,7601 Penn Ave South,Richfield,MN,-93.306391,44.864729
1124,8036,100 Aviation Blvd.,Ft. Lauderdale,FL,-80.14059,26.067547
1125,8038,100 Aviation Blvd.,Ft. Lauderdale,FL,-80.14059,26.067547
1126,8055,1 World Way,Los Angeles,CA,-118.398227,33.94466
1127,8062,1 Harborside Drive,Boston,MA,-71.025663,42.363275
1128,8067,7800 Col. H. Weir Cook Memorial Dr.,Indianapolis,IN,-86.298064,39.714695
1129,8128,One Airport Blvd.,Orlando,FL,-81.309138,28.430565
1130,8146,275 S Airport Blvd,San Francisco,CA,-122.404346,37.646615
1131,8162,1001 Westbrook Street,Portland,ME,-70.310492,43.647207
1132,8173,1 Airport Boulevard #100,Bentonville,AR,-94.297207,36.275599
1133,8193,2400 Yankee Clipper Drive,Jacksonville,FL,-81.684564,30.491183
1134,835,1280 Lexington Ave,New York,NY,-73.956085,40.779835
1135,836,1580 N Eastern Blvd,Montgomery,AL,-86.218086,32.358273
1136,8534,"I-94, South of Irving Park Road Mile post 38",Schiller Park,IL,-87.869706,41.9545
1137,8544,I-95 Northbound past exit 12,Darien,CT,-73.448065,41.09751
1138,8605,2233 S Martin L King Dr,Chicago,IL,-87.618948,41.851242
1139,8812,3700 West Flamingo Road,Las Vegas,NV,-115.186442,36.118699
1140,8813,3667 Las Vegas Boulevard South,Las Vegas,NV,-115.172501,36.110067
1141,871,567 Grand Ave,San Marcos,CA,-117.17302,33.135944
1142,899,3222 Peoples St,Johnson City,TN,-82.400635,36.349331
1143,943,1640 Martin Luther King Blvd,Houma,LA,-90.750656,29.610771
1144,953,10 McKenna Rd,Arden,NC,-82.536293,35.442486
1145,423,11200 W Broad St,Glen Allen,VA,-77.602669,37.650169
1146,411,G3660 Miller Rd,Flint,MI,-83.752464,42.985092
1147,429,9355 Atlantic Blvd,Jacksonville,FL,-81.55616,30.319458
1148,44,19555 W Bluemound Rd,Brookfield,WI,-88.154015,43.034664
1149,480,5425 Harvey St,Muskegon,MI,-86.207275,43.153038
1150,498,457 120th Ave NE,Bellevue,WA,-122.18105,47.613373
1151,495,5913 Bluebonnet Blvd,Baton Rouge,LA,-91.085083,30.393513
1152,533,230 Independence Way,Danvers,MA,-70.940536,42.551113
1153,539,800 E. Dimond,Anchorage,AK,-149.86519,61.143032
1154,550,1880 Palm Beach Lakes Blvd,West Palm Beach,FL,-80.087624,26.719694
1155,570,1375 Polaris Pkwy,Columbus,OH,-82.979889,40.140507
1156,582,642 Baltimore Pike,Springfield,PA,-75.328537,39.92009
1157,581,100 Consumer Square,Mays Landing,NJ,-74.630013,39.45351
1158,574,120 Shenstone Ln,Garner,NC,-78.582092,35.693901
1159,583,1420 Nixon Dr,Mt Laurel,NJ,-74.957619,39.940788
1160,600,3300 Gateway St,Springfield,OR,-123.04425,44.080719
1161,606,1450 Koester DR,Forsyth,IL,-88.952835,39.914738
1162,667,3270 Golf Rd Ste 100,Delafield,WI,-88.368393,43.051662
1163,762,5520 E Skelly Dr,Tulsa,OK,-95.913109,36.099899
1164,8004,3200 East Airfield Drive,Dallas,TX,-97.040653,32.897449
1165,8018,5757 Wayne Newton Blvd,Las Vegas,NV,-115.150408,36.08863
1166,8013,1 World Way,Los Angeles,CA,-118.398227,33.94466
1167,8050,1000 James L Turnage Boulevard,West Palm Beach,FL,-80.089949,26.68871
1168,8070,5000 West International Airport Road,Anchorage,AK,-149.981754,61.17426
1169,8085,8000 Essington Avenue,Philadelphia,PA,-75.225792,39.898851
1170,8144,One Airport Drive,Little Rock,AR,-92.221081,34.72761
1171,8165,3665 N. Harbor Drive,San Diego,CA,-117.196704,32.729565
1172,833,8300 Eager Rd,St Louis,MO,-90.336487,38.628471
1173,8511,Milepost 144; Florida Turnpike,Port St. Lucie,FL,-80.3742,27.337788
1174,8601,1501 Gaylord Trail,Grapevine,TX,-97.064959,32.955345
1175,8557,4100 Donald Douglas Dr,Long Beach,CA,-118.144651,33.818194
1176,870,15449 N. Hayden Rd.,Scottsdale,AZ,-111.89207,33.626423
1177,881,2555 NW Federal Hwy,Stuart,FL,-80.268044,27.236624
1178,882,680 Waterfront Dr E,Munhall,PA,-79.907608,40.411785
1179,891,844 W Telegraph St,Washington,UT,-113.52153,37.129784
1180,950,6 West Circle Dr,Valley Stream,NY,-73.723564,40.66304
1181,951,91 Silhavy Rd,Valparaiso,IN,-87.025002,41.468235
1182,949,2651 S Rochester Rd,Rochester Hills,MI,-83.13018,42.642002
1183,422,1560 W Koger Center Blvd,Richmond,VA,-77.611366,37.509003
1184,433,2345 Marketplace Dr,Rochester,NY,-77.632019,43.077724
1185,446,11725 Berry Rd,Waldorf,MD,-76.913223,38.626431
1186,452,9630 SE 82nd Ave,Portland,OR,-122.57665,45.454605
1187,469,2795 Richmond Ave,Staten Island,NY,-74.167274,40.577339
1188,50,6919 O Street,Lincoln,NE,-96.625865,40.812568
1189,516,975 N Point Dr,Alpharetta,GA,-84.284645,34.051708
1190,531,364 Maine Mall Rd,South Portland,ME,-70.33503,43.633976
1191,525,801 Bethlehem Pike,North Wales,PA,-75.241013,40.238003
1192,542,10950 W Charleston Blvd,Las Vegas,NV,-115.33474,36.160297
1193,553,7751 Bird Rd,Miami,FL,-80.321373,25.733393
1194,555,4001 W 20th Ave,Hialeah,FL,-80.32196,25.857906
1195,566,1130 Se Everett Mall Way,Everett,WA,-122.21465,47.910816
1196,59,2452 E Springs Dr,Madison,WI,-89.299362,43.130154
1197,688,11230 Legacy Ave,Palm Beach Gardens,FL,-80.091019,26.842693
1198,661,4600 Hardy St,Hattiesburg,MS,-89.357079,31.323195
1199,772,109 E North Pointe Dr.,Salisbury,MD,-75.565224,38.416882
1200,8007,1 Harborside Drive,Boston,MA,-71.025663,42.363275
1201,8005,7150 Humphrey Drive,Minneapolis,MN,-93.227904,44.873221
1202,8008,5757 Wayne Newton Blvd,Las Vegas,NV,-115.150408,36.08863
1203,8063,3200 East Airfield Drive,Dallas,TX,-97.040653,32.897449
1204,8064,7150 Humphrey Drive,Minneapolis,MN,-93.227904,44.873221
1205,8074,One Airport Blvd.,Orlando,FL,-81.309138,28.430565
1206,8081,5000 West International Airport Road,Anchorage,AK,-149.981754,61.17426
1207,8127,7150 Humphrey Drive,Minneapolis,MN,-93.227904,44.873221
1208,8121,One Airport Blvd.,Orlando,FL,-81.309138,28.430565
1209,813,315 N Weber Rd,Bolingbrook,IL,-88.127853,41.705456
1210,8152,300 Rodgers Boulevard,Honolulu,HI,-157.919795,21.332003
1211,816,6156 20th St,Vero Beach,FL,-80.460098,27.642433
1212,844,1764 W Olive Ave,Merced,CA,-120.49738,37.317204
1213,851,3090 Stevens Creek Blvd,San Jose,CA,-121.94843,37.322704
1214,845,2445 Iron Point Rd,Folsom,CA,-121.12414,38.644722
1215,8549,4500 West Tropicana Avenue,Las Vegas,NV,-115.202272,36.105711
1216,854,16171 Lake Forest Dr,Irvine,CA,-117.725031,33.628949
1217,861,2320 Haines Ave,Rapid City,SD,-103.21864,44.108173
1218,862,2499 SW 27th Ave,Ocala,FL,-82.167549,29.165569
1219,865,501 Interstate 45 S,Conroe,TX,-95.472633,30.312145
1220,8918,30 S. 7th St,Minneapolis,MN,-93.273584,44.977644
1221,438,5151 Mission Center Rd,San Diego,CA,-117.15253,32.768955
1222,476,1014 Jackson Xing,Jackson,MI,-84.425766,42.26889
1223,500,2577 North US-31 South,Traverse City,MI,-85.649757,44.725368
1224,501,850 Cobb Place Boulevard Nw,Kennesaw,GA,-84.570404,34.010647
1225,514,5850b University Dr NW,Huntsville,AL,-86.665344,34.741272
1226,517,7612 Rivers Ave,North Charleston,SC,-80.036537,32.942181
1227,54,2701 N Mesquite Dr,Mesquite,TX,-96.630699,32.804329
1228,564,21415 Us Highway 19 N,Clearwater,FL,-82.728493,27.966438
1229,565,6600 22nd Avenue N,St. Petersburg,FL,-82.730141,27.790089
1230,588,473 Clairton Blvd,Pittsburgh,PA,-79.945236,40.334572
1231,586,5000 Alicia Dr,Bethel Park,PA,-80.046425,40.345291
1232,58,9378 N Central Expy,Dallas,TX,-96.768257,32.876068
1233,602,2001 W Worley St,Columbia,MO,-92.369583,38.963169
1234,611,11600 Leona Rd,Eden Prairie,MN,-93.424522,44.860741
1235,757,N94 W16855 Falls Parkway,Menomonee Falls,WI,-88.119286,43.188984
1236,791,2050 N Dixie Hwy,Elizabethtown,KY,-85.891365,37.739964
1237,8012,1 World Way,Los Angeles,CA,-118.398227,33.94466
1238,8021,One Airport Blvd.,Orlando,FL,-81.309138,28.430565
1239,8032,2800 North Terminal Rd.,Houston,TX,-95.347925,29.986715
1240,8052,8008 Cedar Springs Rd,Dallas,TX,-96.849343,32.844212
1241,8069,LaGuardia Airport,Flushing,NY,-73.856609,40.779051
1242,8075,2600 W. Terminal Blvd,Morrisville,NC,-78.800314,35.870697
1243,8126,One Airport Blvd.,Orlando,FL,-81.309138,28.430565
1244,8141,6000 N. Terminal Pkwy,Atlanta,GA,-84.444486,33.641229
1245,8188,"2000 GSP Drive, Suite 1",Greer,SC,-82.217302,34.890805
1246,8194,5757 Wayne Newton Blvd,Las Vegas,NV,-115.150408,36.08863
1247,849,6525 Grand Ave,Gurnee,IL,-87.965179,42.381054
1248,8547,I-95 Northbound Branford pass exit 53,Branford,CT,-72.781461,41.298587
1249,864,17414 La Cantera,San Antonio,TX,-98.597176,29.610323
1250,867,4505 S. Medford Dr,Lufkin,TX,-94.72364,31.309105
1251,866,3520 E Main St,Farmington,NM,-108.16288,36.750149
1252,879,4210 Milan Rd,Sandusky,OH,-82.67083,41.416252
1253,890,2537 Piedmont Rd NE,Atlanta,GA,-84.363274,33.82481
1254,8915,1301 Second Avenue South,Minneapolis,MN,-93.273376,44.970269
1255,892,2850 Deerfield Dr,Janesville,WI,-88.97995,42.717072
1256,8,14141 Aldrich Ave S,Burnsville,MN,-93.288039,44.747404
1257,944,2404 S 25th E,Idaho Falls,ID,-111.98541,43.478294
1258,426,3205 Woodward Crossing Blvd,Buford,GA,-83.985214,34.068127
1259,436,700 Providence Hwy,Dedham,MA,-71.176796,42.23859
1260,448,2010 Chemical Rd,Plymouth Meeting,PA,-75.295143,40.102715
1261,454,1100 Old Country Rd,Westbury,NY,-73.600525,40.74416
1262,505,1980 Mount Zion Rd,Morrow,GA,-84.324226,33.566811
1263,511,1791 Oconee Connector,Athens,GA,-83.45231,33.915956
1264,532,1 Worcester Rd,Framingham,MA,-71.396507,42.301392
1265,561,1725 N Dale Mabry Hwy,Tampa,FL,-82.504753,27.957933
1266,593,2640 N Reserve St,Missoula,MT,-114.03745,46.889271
1267,648,1465 University Dr,Burlington,NC,-79.518105,36.066101
1268,788,723 Southpark Blvd,Colonial Heights,VA,-77.387878,37.249237
1269,8016,5757 Wayne Newton Blvd,Las Vegas,NV,-115.150408,36.08863
1270,8111,275 S Airport Blvd,San Francisco,CA,-122.404346,37.646615
1271,8137,9800 Airport Boulevard,San Antonio,TX,-98.475401,29.528016
1272,8177,11499 Conner Street,Detroit,MI,-83.003717,42.409021
1273,817,5101 Hinkleville Rd,Paducah,KY,-88.689384,37.077511
1274,820,769 Donald Lynch Blvd,Marlborough,MA,-71.617363,42.35458
1275,8196,6000 N. Terminal Pkwy,Atlanta,GA,-84.444379,33.640863
1276,834,5815 Youngstown Warren Rd,Niles,OH,-80.746506,41.20969
1277,827,1800 S Loop 288,Denton,TX,-97.10067,33.192524
1278,850,911 Topsy Ln,Carson City,NV,-119.77578,39.10384
1279,878,801 Wacker Dr,Dubuque,IA,-90.723267,42.493088
1280,8818,3790 Las Vegas Boulevard South,Las Vegas,NV,-115.173516,36.103001
1281,898,2300 S. Christopher Columbus Blvd.,Philadelphia,PA,-75.139755,39.916004
1282,415,4611 24th Ave,Ft Gratiot,MI,-82.458565,43.042362
1283,425,1884 Catawba Valley Blvd SE,Hickory,NC,-81.304495,35.701114
1284,449,300 Brown Rd,Auburn Hills,MI,-83.29557,42.706615
1285,471,555 E Sandford Blvd,Mount Vernon,NY,-73.819061,40.902191
1286,474,925 Paterson Plank Rd,Secaucus,NJ,-74.044983,40.780956
1287,494,9871 Waterstone Blvd,Cincinnati,OH,-84.311859,39.29158
1288,4,13513 Ridgedale Dr,Hopkins,MN,-93.449539,44.969658
1289,507,3667 Walton Way Ext,Augusta,GA,-82.074783,33.490231
1290,519,6875 Douglas Blvd,Douglasville,GA,-84.757843,33.727421
1291,526,8363 W Franklin Rd,Boise,ID,-116.28472,43.604088
1292,535,45 Gosling Rd,Newington,NH,-70.799675,43.094627
1293,528,5400 Pacific Ave,Stockton,CA,-121.31206,38.000053
1294,575,2201 Farrand Dr,Wilmington,DE,-75.648804,39.727341
1295,584,430 Home Dr,Pittsburgh,PA,-80.174454,40.451527
1296,568,793 Iyannough Rd,Hyannis,MA,-70.29747,41.667824
1297,594,422 W Loop 281,Longview,TX,-94.756844,32.539345
1298,607,424 Randall Rd,South Elgin,IL,-88.343216,41.984211
1299,692,3849 S Delsea Dr,Vineland,NJ,-75.03932,39.43007
1300,767,8000 Mediterranean Dr,Estero,FL,-81.809525,26.402115
1301,797,2650 41st Ave,Soquel,CA,-121.96262,36.98585
1302,8003,3200 East Airfield Drive,Dallas,TX,-97.040653,32.897449
1303,8022,2491 Winchester Rd. Suite 113,Memphis,TN,-89.981706,35.044247
1304,8028,JFK Access Road,Jamaica,NY,-73.784817,40.645676
1305,8056,1 World Way,Los Angeles,CA,-118.398227,33.94466
1306,8082,5757 Wayne Newton Blvd,Las Vegas,NV,-115.150408,36.08863
1307,8083,5757 Wayne Newton Blvd,Las Vegas,NV,-115.150408,36.08863
1308,8084,3 Brewster Rd,Newark,NJ,-74.177373,40.690382
1309,808,550 N Congress Ave,Boynton Beach,FL,-80.08805,26.53294
1310,8093,7426 New Ridge Rd,Baltimore,MD,-76.7003,39.178745
1311,8099,One Airport Blvd.,Orlando,FL,-81.309138,28.430565
1312,8145,275 S Airport Blvd,San Francisco,CA,-122.404346,37.646615
1313,8140,300 Rodgers Boulevard,Honolulu,HI,-157.919795,21.332003
1314,8180,6900 Airport Boulevard,Sacramento,CA,-121.587941,38.692686
1315,828,1050 Mckinley Place Dr,San Marcos,TX,-97.9543,29.85249
1316,830,2214 S 48th St,Tacoma,WA,-122.46436,47.213566
1317,839,625 Black Lake Blvd SW,Olympia,WA,-122.93478,47.043945
1318,841,8487 W Grand River Ave,Brighton,MI,-83.784676,42.544529
1319,832,3294 University Town Centre Dr,Morgantown,WV,-80.005051,39.650828
1320,843,2925 Manchester Expy,Columbus,GA,-84.945961,32.508667
1321,8803,3900 Las Vegas Blvd South,Las Vegas,NV,-115.175947,36.095977
1322,884,7011 Camino Arroyo,Gilroy,CA,-121.55201,37.006283
1323,886,330 Connecticut Ave,Norwalk,CT,-73.438286,41.103142
1324,895,1364 S Yuma Palms Pkwy,Yuma,AZ,-114.60431,32.700935
1325,427,7300 Guilford Dr,Frederick,MD,-77.417465,39.396606
1326,445,83 S Tunnel Rd,Asheville,NC,-82.524948,35.580585
1327,464,4830 Wilson Ave SW,Grandville,MI,-85.761253,42.877113
1328,485,1408 North Litchfield Road,Goodyear,AZ,-112.36115,33.460163
1329,503,1201 Hammond Dr,Dunwoody,GA,-84.345879,33.91827
1330,513,4135 Lavista Rd,Tucker,GA,-84.249758,33.845027
1331,518,1300 Ulster Ave,Kingston,NY,-73.98793,41.969181
1332,52,3450 S Glenstone Ave,Springfield,MO,-93.258553,37.150909
1333,534,220 Daniel Webster Hwy,Nashua,NH,-71.441246,42.71386
1334,549,913 Hartford Tpke,Waterford,CT,-72.151711,41.382202
1335,589,9940 Roosevelt Blvd,Philadelphia,PA,-75.017868,40.09425
1336,596,550 Arsenal St,Watertown,MA,-71.158463,42.363464
1337,599,8923 Bay Pkwy,Brooklyn,NY,-73.999947,40.595196
1338,605,4210 Saint Michael Dr,Texarkana,TX,-94.093834,33.455402
1339,664,1007 Fording Island Rd,Bluffton,SC,-80.845535,32.254494
1340,760,470 Lewis Ave,Meriden,CT,-72.806778,41.550098
1341,678,10200 Eastern Shore Blvd,Spanish Fort,AL,-87.848976,30.666006
1342,759,3115 Manawa Centre Dr,Council Bluffs,IA,-95.843056,41.229534
1343,778,3040 N Gloster St,Tupelo,MS,-88.705612,34.299332
1344,8037,One Terminal Drive,Nashville,TN,-86.669169,36.131517
1345,8051,1000 James L Turnage Boulevard,West Palm Beach,FL,-80.089949,26.68871
1346,805,1116 Western Blvd,Jacksonville,NC,-77.39399,34.781971
1347,8098,2600 W. Terminal Blvd,Morrisville,NC,-78.800314,35.870697
1348,826,2701 David H Mcleod Blvd,Florence,SC,-79.828201,34.191662
1349,938,194 Promenade Blvd,Flowood,MS,-90.057671,32.344334
1350,945,1475 N Main St,Logan,UT,-111.83335,41.760372
1351,410,16221 Ford Rd,Dearborn,MI,-83.203293,42.328255
1352,408,3100 Lohr Rd,Ann Arbor,MI,-83.765007,42.240841
1353,404,28400 Telegraph Rd,Southfield,MI,-83.282616,42.496433
1354,40,4090 Commonwealth Ave,Eau Claire,WI,-91.431892,44.771576
1355,419,290 S Broadway Unit E,Salem,NH,-71.215454,42.761078
1356,428,1 Crossgates Mall Rd,Albany,NY,-73.848686,42.690285
1357,434,4707 Valley View Blvd NW,Roanoke,VA,-79.96048,37.298843
1358,437,2110 Vista Way,Oceanside,CA,-117.34471,33.182526
1359,458,261 Pond Path,South Setauket,NY,-73.100082,40.883862
1360,459,1585 Niagara Falls Blvd,Amherst,NY,-78.815033,42.999763
1361,465,4807 Concord Pike,Wilmington,DE,-75.543953,39.826527
1362,46,2117 N Prospect Ave,Champaign,IL,-88.259209,40.142494
1363,486,15800 Collington Rd,Bowie,MD,-76.732841,38.945351
1364,487,3377 Berlin Tpke,Newington,CT,-72.727386,41.656132
1365,497,35 E 11400 S,Sandy,UT,-111.88907,40.545322
1366,520,3601 Clemson Blvd,Anderson,SC,-82.680244,34.552116
1367,512,1900 Evans Rd,Melbourne,FL,-80.655655,28.079445
1368,537,100 Cambridgeside Pl,Cambridge,MA,-71.07775,42.36849
1369,529,4236 S Mooney Blvd,Visalia,CA,-119.31169,36.295441
1370,544,300 Commons Way,Bridgewater,NJ,-74.622353,40.591393
1371,558,21035 Biscayne Blvd,Aventura,FL,-80.142876,25.971502
1372,57,1730 Pleasant Pl,Arlington,TX,-97.140121,32.67643
1373,647,20771 N Rand Rd,Kildeer,IL,-88.055824,42.164577
1374,793,4863 Montgomery Hwy,Dothan,AL,-85.44733,31.26812
1375,8020,1 Harborside Drive,Boston,MA,-71.025663,42.363275
1376,8053,2800 North Terminal Rd.,Houston,TX,-95.347925,29.986715
1377,8071,1 World Way,Los Angeles,CA,-118.398227,33.94466
1378,8118,6000 N. Terminal Pkwy,Atlanta,GA,-84.444486,33.641229
1379,8143,100 Aviation Blvd.,Ft. Lauderdale,FL,-80.14059,26.067547
1380,8159,1200 Airport Drive,S. Burlington,VT,-73.154758,44.469108
1381,8174,5757 Wayne Newton Blvd,Las Vegas,NV,-115.150408,36.08863
1382,8184,275 S Airport Blvd,San Francisco,CA,-122.404346,37.646615
1383,819,20914 Frederick Rd,Germantown,MD,-77.248444,39.199818
1384,818,1201 Broadway,Saugus,MA,-71.026398,42.46162
1385,829,815 Sunland Park Dr,El Paso,TX,-106.54884,31.816338
1386,831,2321 S 1st St,Yakima,WA,-120.48235,46.567719
1387,837,2020 W 31st St,Lawrence,KS,-95.25856,38.929489
1388,8539,1339 North Broad Street,Bloomfield,NJ,-74.182435,40.835663
1389,8531,5800 Tri State Toll Road,Hinsdale,IL,-87.928578,41.796746
1390,847,2430 Tuscany St,Corona,CA,-117.51798,33.82391
1391,8558,7800 Airport Blvd,Houston,TX,-95.276667,29.654166
1392,8600,201 Waterfront Street,Oxon Hill,MD,-77.015264,38.782003
1393,853,1170 Vann Dr,Jackson,TN,-88.85743,35.663754
1394,8559,7800 Airport Blvd,Houston,TX,-95.276667,29.654166
1395,856,8300 Rosedale Hwy,Bakersfield,CA,-119.09827,35.385105
1396,873,200 Colma Blvd,Colma,CA,-122.46246,37.677597
1397,876,7034 Highway 6 N,Houston,TX,-95.643478,29.881201
1398,8811,1900 Pacific Avenue,Atlantic City,NJ,-74.433456,39.357742
1399,893,2074 Sycamore Rd,Dekalb,IL,-88.722191,41.947678
1400,948,2632 Smith Ranch Rd,Pearland,TX,-95.385445,29.556917
1401,940,4310 Buffalo Gap Rd,Abilene,TX,-99.760239,32.400845
1402,416,2020 W Grand River Rd,Okemos,MI,-84.42382,42.722553
1403,453,3801 Center St Ne,Salem,OR,-122.98762,44.941681
1404,468,30 Andrews Dr,Woodland Park,NJ,-74.212135,40.885555
1405,489,10346 E US Highway 36,Avon,IN,-86.345963,39.765411
1406,504,1875 Pleasant Hill Rd,Duluth,GA,-84.130768,33.949905
1407,560,116 Grand Regency Blvd,Brandon,FL,-82.323654,27.939915
1408,578,251 Nassau Park Blvd,Princeton,NJ,-74.67971,40.303524
1409,646,2135 W Memorial Rd,Oklahoma City,OK,-97.552216,35.610817
1410,649,1173 Simi Town Center W,Simi Valley,CA,-118.77383,34.284702
1411,655,425 W Wilbur Ave,Coeur d'Alene,ID,-116.79285,47.7379
1412,768,8500 N Flintlock Rd,Kansas City,MO,-94.467415,39.246937
1413,766,4107 Portsmouth Blvd,Chesapeake,VA,-76.4105,36.823021
1414,775,12281 Limonite Ave,Eastvale,CA,-117.54958,33.977989
1415,776,1679 Scenic Hwy N,Snellville,GA,-84.013058,33.882777
1416,787,13711 W Bell Rd,Surprise,AZ,-112.35039,33.636982
1417,802,2280 E Lohman Ave,Las Cruces,NM,-106.75091,32.311649
1418,8059,JFK Access Road,Jamaica,NY,-73.784817,40.645676
1419,8073,1 World Way,Los Angeles,CA,-118.398227,33.94466
1420,8113,2800 North Terminal Rd.,Houston,TX,-95.347925,29.986715
1421,8119,6701 Convair Rd,El Paso,TX,-106.396121,31.798911
1422,8105,3600 Presidential Blvd,Austin,TX,-97.666935,30.202087
1423,8114,11499 Conner Street,Detroit,MI,-83.002751,42.408969
1424,8112,275 S Airport Blvd,San Francisco,CA,-122.404346,37.646615
1425,8131,5757 Wayne Newton Blvd,Las Vegas,NV,-115.150408,36.08863
1426,8138,9800 Airport Boulevard,San Antonio,TX,-98.475401,29.528016
1427,8149,9 Airport Dr.,Oakland,CA,-122.200085,37.729292
1428,8161,601 Brasilia Avenue,Kansas City,MO,-94.715947,39.305254
1429,838,1010 Hilltop Dr,Redding,CA,-122.3577,40.592449
1430,8542,2831 Boardwalk,Atlantic City,NJ,-74.444407,39.351884
1431,8602,2 Poydras St,New Orleans,LA,-90.06351,29.947738
1432,8611,2800 Opryland Dr,Nashville,TN,-86.679254,36.210762
1433,885,9409 Us Highway 19,Port Richey,FL,-82.71051,28.293377
1434,8900,6801 Hollywood Blvd,Hollywood,CA,-118.340261,34.102593
1435,418,50 Holyoke St,Holyoke,MA,-72.643005,42.169613
1436,435,1400 Apalachee Pkwy,Tallahassee,FL,-84.25943,30.436726
1437,43,5105 Burning Tree Rd,Duluth,MN,-92.170853,46.808983
1438,441,1337 S Washington St,North Attleboro,MA,-71.352348,41.939835
1439,451,3055 Sw Cedar Hills Blvd,Beaverton,OR,-122.80905,45.497982
1440,460,2001 South Rd,Poughkeepsie,NY,-73.919617,41.624077
1441,483,8801 Queens Blvd,Elmhurst,NY,-73.874451,40.735409
1442,49,2103 N Veterans Pkwy,Bloomington,IL,-88.951569,40.504742
1443,524,6325 Naples Blvd,Naples,FL,-81.772842,26.220879
1444,530,550 Grossman Dr,Braintree,MA,-70.999031,42.216267
1445,540,12633 Riverdale Blvd Nw,Coon Rapids,MN,-93.348267,45.201977
1446,444,4024 Wards Rd,Lynchburg,VA,-79.1884,37.348583
1447,447,17364 Southcenter Pkwy,Tukwila,WA,-122.25977,47.447182
1448,457,345 Mount Hope Ave,Rockaway,NJ,-74.5464311,40.9044482
1449,536,1500 S Willow St,Manchester,NH,-71.431908,42.956944
1450,557,8450 S Dixie Hwy,Miami,FL,-80.307457,25.692381
1451,571,845 N Alafaya Trl,Orlando,FL,-81.205269,28.560989
1452,455,1240 Palisades Center Dr,West Nyack,NY,-73.951889,41.096241
1453,580,1701 Crossing Dr,Wyomissing,PA,-75.965622,40.347271
1454,601,11088 N US Highway 15 501,Aberdeen,NC,-79.421364,35.155853
1455,478,5001 Northern Blvd,Long Island City,NY,-73.909309,40.753345
1456,479,12151 Jefferson Ave,Newport News,VA,-76.498558,37.107887
1457,668,1861 Jonesboro Rd,Mcdonough,GA,-84.219849,33.463711
1458,773,309 E University Pkwy,Orem,UT,-111.68864,40.274288
1459,488,2290 Gunbarrel Rd,Chattanooga,TN,-85.149651,35.038151
1460,508,7929 Abercorn St,Savannah,GA,-81.123764,32.00423
1461,8031,2800 North Terminal Rd.,Houston,TX,-95.347925,29.986715
1462,55,869 NE Mall Blvd,Hurst,TX,-97.202721,32.827339
1463,8089,2800 North Terminal Rd.,Houston,TX,-95.347925,29.986715
1464,8108,7150 Humphrey Drive,Minneapolis,MN,-93.227904,44.873221
1465,8116,5757 Wayne Newton Blvd,Las Vegas,NV,-115.150408,36.08863
1466,562,4020 S Tamiami Trl,Sarasota,FL,-82.531593,27.295446
1467,569,24 Universal Blvd,Warwick,RI,-71.497124,41.70055
1468,567,7 Neponset St,Worcester,MA,-71.798485,42.295692
1469,598,300 State Route 18,East Brunswick,NJ,-74.396378,40.456505
1470,8139,300 Rodgers Boulevard,Honolulu,HI,-157.919795,21.332003
1471,8157,2000 Post Road,Warwick,RI,-71.435941,41.725901
1472,8164,3665 N. Harbor Drive,San Diego,CA,-117.196704,32.729565
1473,663,2805 Wilma Rudolph Blvd,Clarksville,TN,-87.291214,36.589325
1474,8169,5501 R C Josh Birmingham Parkway,Charlotte,NC,-80.944165,35.223517
1475,822,299 N Central Ave,Hartsdale,NY,-73.793617,41.02721
1476,660,3690 North Freeway Boulevard,Sacramento,CA,-121.49863,38.636646
1477,8529,"2700 Crego Rd; I-88, West of the Peace Road exit Mile post 93",DeKalb,IL,-88.722857,41.948296
1478,8532,"I-94, Between Illinois Routes 60 and 176 Mile post 18",Lake Forest,IL,-87.840625,42.258634
1479,798,1851 Marketplace Dr,Burlington,WA,-122.33651,48.450352
1480,8019,3200 East Airfield Drive,Dallas,TX,-97.040653,32.897449
1481,801,4500 Wisconsin Ave Nw,Washington,DC,-77.080856,38.948307
1482,8548,300 Rodgers Boulevard,Honolulu,HI,-157.919795,21.332003
1483,8608,10000 Bessie Coleman Drive,Chicago,IL,-87.885145,41.981285
1484,8035,1 World Way,Los Angeles,CA,-118.398227,33.94466
1485,8042,LaGuardia Airport,Flushing,NY,-73.856609,40.779051
1486,8043,143 Airport Blvd,Cleveland,OH,-82.902944,40.211273
1487,860,1615 Emmet St N,Charlottesville,VA,-78.496689,38.058674
1488,8066,5757 Wayne Newton Blvd,Las Vegas,NV,-115.150408,36.08863
1489,8078,2001 East Plumb Lane,Reno,NV,-119.776726,39.504041
1490,807,3780 Riverchase Vlg,Hoover,AL,-86.801842,33.37722
1491,8103,1 World Way,Los Angeles,CA,-118.398227,33.94466
1492,8130,JFK Access Road,Jamaica,NY,-73.784817,40.645676
1493,8117,5757 Wayne Newton Blvd,Las Vegas,NV,-115.150408,36.08863
1494,840,12765 Harper Village Dr,Battle Creek,MI,-85.178268,42.264992
1495,858,2721 E 3rd St,Bloomington,IN,-86.497787,39.165169
1496,887,1 Garden State Plaza,Paramus,NJ,-74.074898,40.915257
1497,412,2169 S. Telegraph Rd.,Bloomfield Hills,MI,-83.296834,42.606539
1498,414,32320 John R Rd,Madison Heights,MI,-83.105247,42.530613
1499,430,8151 Blanding Blvd,Jacksonville,FL,-81.737518,30.19779
1500,440,1875 Campbell Ln,Bowling Green,KY,-86.42733,36.953148
1501,456,675 Us Highway 1 S,Iselin,NJ,-74.305893,40.559593
1502,48,1600 Sw Wanamaker Rd,Topeka,KS,-95.760719,39.037628
1503,492,1270 E Main St,Carbondale,IL,-89.192314,37.732719
1504,523,3026 William St,Cape Girardeau,MO,-89.570747,37.302067
1505,551,12301 W Sunrise Blvd,Plantation,FL,-80.312958,26.147333
1506,563,4215 Us Highway 98 N,Lakeland,FL,-81.972618,28.093895
1507,617,3435 Princeton Rd,Hamilton,OH,-84.501755,39.38736
1508,694,5999 S Southlands Pkwy,Aurora,CO,-104.70463,39.607738
1509,693,6075 Sky Pond Dr,Loveland,CO,-104.99052,40.415318
1510,789,1705 Norman Dr,Valdosta,GA,-83.321693,30.842571
1511,8006,7150 Humphrey Drive,Minneapolis,MN,-93.227904,44.873221
1512,8014,3200 East Airfield Drive,Dallas,TX,-97.040653,32.897449
1513,8025,100 Aviation Blvd.,Ft. Lauderdale,FL,-80.14059,26.067547
1514,8033,JFK Access Road,Jamaica,NY,-73.784817,40.645676
1515,8040,3 Brewster Rd,Newark,NJ,-74.177373,40.690382
1516,8046,LaGuardia Airport,Flushing,NY,-73.856609,40.779051
1517,8048,5757 Wayne Newton Blvd,Las Vegas,NV,-115.150408,36.08863
1518,8060,3200 East Airfield Drive,Dallas,TX,-97.040653,32.897449
1519,806,41 Commerce Way,Seekonk,MA,-71.322655,41.791756
1520,8076,3600 Presidential Blvd,Austin,TX,-97.666935,30.202087
1521,809,1440 Old Country Rd,Riverhead,NY,-72.694313,40.929913
1522,8090,1 Saarinen Circle,Dulles,VA,-77.448032,38.952866
1523,8134,275 S Airport Blvd,San Francisco,CA,-122.404346,37.646615
1524,8104,5757 Wayne Newton Blvd,Las Vegas,NV,-115.150408,36.08863
1525,8150,3200 East Airfield Drive,Dallas,TX,-97.040653,32.897449
1526,8153,300 Rodgers Boulevard,Honolulu,HI,-157.919795,21.332003
1527,8181,5500 44th Street Southeast,Grand Rapids,MI,-85.529585,42.884652
1528,872,12118 Lakewood Blvd,Downey,CA,-118.12892,33.922974
1529,875,400 26th Ave Nw,Norman,OK,-97.483513,35.222134
1530,896,1210 Caroline St NE,Atlanta,GA,-84.347588,33.757484
1531,942,717 Gravois Rd,Fenton,MO,-90.446098,38.512543
1532,947,3741 W Chapman Ave,Orange,CA,-117.89139,33.79018
1533,462,12675 Citrus Plaza Dr,Tampa,FL,-82.583344,28.070105
1534,473,410 State Route 10,East Hanover,NJ,-74.358688,40.801476
1535,477,19225 Alderwood Mall Pkwy,Lynnwood,WA,-122.2688,47.824009
1536,510,8350 S Orange Blossom Trl,Orlando,FL,-81.403244,28.445732
1537,522,14555 Edgewood Dr,Baxter,MN,-94.245956,46.358746
1538,547,5000 Jonestown Rd,Harrisburg,PA,-76.805817,40.30798
1539,541,3062 Route 50,Saratoga Springs,NY,-73.742126,43.106651
1540,554,20540 State Road 7,Boca Raton,FL,-80.20269,26.370686
1541,579,1851 Deptford Center Rd,Deptford,NJ,-75.094734,39.827282
1542,576,1130 Easton Rd,Willow Grove,PA,-75.123978,40.158539
1543,662,2147 Tiger Town Pkwy,Opelika,AL,-85.404282,32.617908
1544,6,1350 50th Street E,Inver Grove Heights,MN,-93.077156,44.879314
1545,691,1015 W University Ave,Georgetown,TX,-97.694054,30.630672
1546,8023,3200 East Airfield Drive,Dallas,TX,-97.040653,32.897449
1547,8027,JFK Access Road,Jamaica,NY,-73.784817,40.645676
1548,8077,4600 International Gateway,Columbus,OH,-82.889208,39.99822
1549,8080,7800 Col. H. Weir Cook Memorial Dr.,Indianapolis,IN,-86.298064,39.714695
1550,8106,7150 Humphrey Drive,Minneapolis,MN,-93.227904,44.873221
1551,8170,6000 N. Terminal Pkwy,Atlanta,GA,-84.444486,33.641229
1552,8183,300 Rodgers Boulevard,Honolulu,HI,-157.919795,21.332003
1553,825,1000 Cranberry Square Dr,Cranberry Township,PA,-80.104156,40.688969
1554,824,499 N Service Rd,Patchogue,NY,-73.035072,40.778362
1555,846,3873 Grand Ave,Chino,CA,-117.719363,33.998554
1556,857,1000 E 23rd St,Panama City,FL,-85.644653,30.188267
1557,8553,7601 Penn Ave South,Richfield,MN,-93.305345,44.863965
1558,8807,2100 Pacific Ave.,Atlantic City,NJ,-74.435772,39.35687
1559,8817,2121 S Casino Dr.,Laughlin,NV,-114.575073,35.157675
1560,883,3549 W Shore Dr,Holland,MI,-86.089986,42.819293
1561,894,1775 Chamberside Dr,Rock Hill,SC,-80.976654,34.938496
1562,8920,172 West Adams Street,Chicago,IL,-87.633141,41.879731
1563,952,4620 Garth Rd,Baytown,TX,-94.97554,29.774206
